k141_21113_1	00222	31.868	91	253	516	8.06e-06	39.3
k141_73896_2	00209	35.503	169	188	448	1.92e-16	69.3
k141_274433_2	00211	38.095	105	350	337	1.52e-14	66.6
k141_73928_7	00187	28.931	159	227	250	7.71e-06	38.5
k141_95026_4	00180	39.828	580	631	541	2.34e-141	416
k141_10628_3	00209	22.321	224	461	448	8.70e-07	43.5
k141_21156_2	00219	25.170	147	212	446	9.15e-14	62.0
k141_95049_1	00186	34.568	81	395	388	9.47e-06	39.7
k141_52805_1	00223	29.614	233	293	348	4.96e-30	109
k141_52805_4	00223	28.516	256	315	348	9.82e-23	89.7
k141_52805_19	00305	48.936	47	288	455	3.36e-07	43.5
k141_31739_1	00215	34.234	111	478	322	6.19e-09	50.1
k141_263848_11	00274	52.041	98	898	410	4.58e-25	101
k141_74012_1	00144	31.325	83	814	364	2.77e-06	42.7
k141_211170_2	00182	36.190	105	299	277	1.48e-06	41.2
k141_200632_2	00220	38.776	49	171	262	7.43e-07	40.4
k141_158344_3	00186	27.193	228	274	388	1.04e-06	42.0
k141_158344_4	00212	35.455	110	213	285	1.55e-10	52.4
k141_274511_5	00188	24.820	278	363	272	9.07e-14	63.5
k141_158349_3	00186	25.703	249	391	388	3.36e-06	41.2
k141_232309_17	00219	30.601	183	625	446	3.10e-21	89.7
k141_42340_2	00188	23.297	279	342	272	2.15e-10	53.5
k141_42346_2	00221	29.511	532	568	508	3.24e-49	171
k141_190048_5	00212	28.846	104	201	285	2.84e-09	48.5
k141_105545_2	00211	29.670	91	269	337	7.03e-10	51.6
k141_105552_1	00188	33.058	121	201	272	1.59e-08	46.2
k141_285077_3	00212	25.143	175	286	285	1.97e-06	40.8
k141_211195_7	00209	27.373	453	496	448	1.32e-33	125
k141_211196_2	00187	23.704	135	359	250	7.90e-09	48.5
k141_116160_4	00212	27.344	128	313	285	2.09e-07	44.3
k141_162_11	00223	22.581	248	913	348	6.72e-06	41.6
k141_162_12	00180	28.169	142	337	541	8.89e-07	42.7
k141_232336_29	00181	33.209	268	279	275	3.50e-39	131
k141_105591_2	00220	25.926	243	254	262	2.84e-14	63.5
k141_242896_38	00186	58.140	43	468	388	9.76e-09	49.7
k141_116216_6	00212	27.559	254	296	285	6.15e-12	57.8
k141_74039_10	00220	20.155	258	703	262	3.36e-10	53.9
k141_74039_11	00212	31.250	96	284	285	5.48e-10	51.6
k141_306322_1	00220	32.031	128	204	262	5.37e-09	47.4
k141_285130_11	00182	29.289	239	240	277	3.35e-24	90.9
k141_147941_2	00188	26.531	196	258	272	1.53e-07	43.9
k141_84631_2	00188	33.333	138	298	272	6.63e-16	69.3
k141_63563_1	00222	34.167	120	109	516	8.95e-10	47.4
k141_190181_2	00212	27.372	274	301	285	8.80e-17	72.0
k141_63583_6	00263	59.184	98	465	452	9.37e-30	114
k141_169104_43	00196	70.492	122	527	401	1.31e-52	177
k141_264063_19	00185	50.691	217	531	305	1.45e-61	198
k141_264063_20	00185	51.613	217	533	305	5.10e-63	202
k141_116289_2	00188	25.203	246	269	272	3.73e-13	60.8
k141_200858_2	00209	31.347	453	472	448	2.22e-40	144
k141_95156_43	00186	46.154	65	470	388	1.94e-08	48.5
k141_95156_77	00212	25.000	288	299	285	3.48e-13	61.2
k141_21389_1	00173	42.995	207	268	218	3.70e-52	163
k141_32000_41	00188	33.803	142	482	272	7.94e-12	58.5
k141_169123_24	00175	24.883	213	655	307	4.98e-06	41.6
k141_169123_31	00193	28.652	178	316	290	6.57e-07	42.7
k141_158526_1	00209	28.821	458	473	448	4.30e-33	123
k141_10948_7	00223	32.110	109	375	348	8.39e-11	55.5
k141_84721_14	00212	27.481	262	273	285	2.43e-14	64.3
k141_10960_3	00209	30.737	475	479	448	1.99e-41	147
k141_126986_3	00247	32.927	82	291	295	8.28e-06	38.9
k141_137520_15	00230	35.714	70	79	339	3.68e-07	38.5
k141_63670_5	00223	28.464	267	479	348	2.82e-25	99.4
k141_285212_86	00209	25.106	235	472	448	9.78e-11	56.2
k141_285212_94	00173	49.029	206	221	218	3.31e-59	179
k141_42643_1	00212	25.000	260	316	285	1.32e-11	57.0
k141_11006_2	00189	35.052	97	296	248	9.80e-09	47.8
k141_169197_1	00265	36.800	125	877	435	3.85e-17	77.4
k141_169197_1	00265	40.506	79	877	435	1.53e-10	56.6
k141_169197_1	00265	30.108	93	877	435	9.40e-07	44.7
k141_169197_2	00324	68.421	95	671	442	6.60e-35	130
k141_53152_20	00223	42.913	254	488	348	3.10e-62	200
k141_53152_21	00223	26.885	305	439	348	2.39e-20	84.7
k141_105911_1	00212	26.829	123	270	285	6.46e-07	42.4
k141_148140_51	00211	25.114	219	303	337	1.09e-12	60.5
k141_190270_54	00221	36.481	466	528	508	1.47e-79	251
k141_169248_1	00220	25.984	127	401	262	4.44e-08	46.6
k141_264159_5	00188	21.111	180	191	272	9.17e-10	49.7
k141_253653_96	00209	31.373	459	471	448	3.43e-43	151
k141_190297_2	00186	28.049	246	259	388	1.66e-15	68.2
k141_127104_4	00185	28.922	204	264	305	3.74e-12	58.2
k141_74250_4	00204	27.097	155	284	271	2.51e-06	40.4
k141_179797_17	00173	44.907	216	230	218	7.52e-58	176
k141_63769_11	00221	28.395	162	367	508	1.88e-11	57.8
k141_127111_13	00212	28.421	95	295	285	5.70e-09	48.9
k141_222138_9	00219	25.000	68	280	446	1.51e-06	41.6
k141_116499_57	00219	29.452	146	708	446	2.27e-09	52.8
k141_179870_3	00188	22.545	275	630	272	2.48e-10	54.3
k141_158678_2	00211	39.100	289	311	337	6.49e-60	188
k141_42820_9	00185	37.931	232	559	305	1.94e-39	139
k141_232712_1	00212	32.323	99	180	285	2.19e-11	53.9
k141_127216_3	00215	24.116	311	316	322	3.04e-12	58.9
k141_222233_1	00222	26.756	299	329	516	1.95e-13	63.5
k141_148336_3	00173	39.409	203	225	218	9.93e-48	150
k141_179920_2	00211	27.483	302	322	337	1.65e-22	89.4
k141_222242_1	00212	26.728	217	223	285	1.74e-13	61.2
k141_243327_1	00211	37.433	187	243	337	1.02e-43	144
k141_232763_2	00212	38.000	100	196	285	9.03e-17	69.7
k141_106053_6	00188	20.000	270	676	272	7.46e-10	53.1
k141_232773_2	00221	36.196	163	438	508	1.84e-12	61.6
k141_190477_6	00211	34.951	103	328	337	5.29e-12	58.5
k141_190477_7	00185	29.515	227	332	305	7.40e-13	60.8
k141_201236_11	00220	26.180	233	249	262	1.92e-10	52.4
k141_285430_3	00186	58.140	43	408	388	4.91e-09	50.1
k141_53357_2	00182	22.286	175	262	277	8.83e-06	38.5
k141_306733_3	00222	27.957	465	483	516	2.51e-44	156
k141_63897_9	00186	26.531	245	289	388	8.62e-06	39.3
k141_603_3	00186	26.693	251	345	388	1.22e-09	51.6
k141_84993_25	00211	25.311	241	519	337	6.73e-10	53.1
k141_21700_5	00181	26.772	254	315	275	7.60e-15	66.2
k141_296123_1	00223	28.571	273	355	348	1.12e-25	99.0
k141_264344_3	00187	26.400	250	414	250	5.34e-08	46.2
k141_285480_2	00189	33.981	103	110	248	7.51e-11	50.1
k141_169485_3	00221	31.579	114	129	508	6.90e-11	51.2
k141_106092_59	00211	50.825	303	319	337	1.89e-101	295
k141_169548_1	00219	29.915	117	304	446	5.43e-16	70.9
k141_127315_28	00111	30.392	102	199	210	5.03e-17	69.3
k141_254021_1	00323	47.368	38	163	403	8.85e-06	37.4
k141_275145_1	00178	38.323	167	165	216	6.52e-31	104
k141_275145_2	00178	38.117	223	227	216	1.48e-41	134
k141_243484_6	00222	32.584	445	468	516	6.31e-50	171
k141_11427_1	00223	32.700	263	325	348	1.10e-30	112
k141_74529_1	00222	37.888	161	359	516	5.36e-22	89.7
k141_74536_2	00213	23.473	311	324	310	5.38e-08	46.2
k141_32439_1	00185	51.304	115	400	305	2.53e-30	111
k141_232916_2	00223	26.906	223	261	348	2.31e-14	64.7
k141_201353_18	00212	25.191	262	289	285	9.56e-08	45.1
k141_243518_2	00215	42.593	324	337	322	1.56e-76	231
k141_190670_1	00182	41.250	80	250	277	1.41e-07	43.9
k141_95506_2	00212	26.432	227	273	285	4.68e-09	48.9
k141_211796_9	00212	26.996	263	311	285	3.29e-11	55.8
k141_771_1	00187	41.304	46	116	250	8.96e-08	41.6
k141_63997_1	00173	25.616	203	223	218	2.99e-11	53.9
k141_95533_2	00211	38.019	313	322	337	1.19e-63	198
k141_179985_34	00209	23.516	455	749	448	1.41e-17	78.6
k141_179985_109	00182	32.014	278	315	277	2.47e-30	109
k141_21917_1	00244	33.333	123	353	451	3.65e-11	56.6
k141_158975_4	00146	30.556	72	282	365	1.44e-07	44.7
k141_158977_2	00213	24.818	274	324	310	2.74e-06	40.8
k141_53558_6	00211	28.000	175	317	337	1.25e-12	60.5
k141_116803_8	00187	33.577	137	429	250	9.87e-12	57.8
k141_74645_43	00244	62.727	110	409	451	2.00e-38	137
k141_148661_1	00204	30.000	170	233	271	4.06e-07	42.4
k141_116813_4	00223	30.909	110	294	348	5.30e-10	52.0
k141_85179_7	00187	31.092	119	269	250	1.28e-06	41.2
k141_169742_6	00212	28.505	214	514	285	6.38e-10	52.8
k141_169742_6	00212	27.907	215	514	285	1.56e-07	45.4
k141_201436_1	00212	40.741	54	145	285	2.97e-06	38.1
k141_74696_2	00211	32.051	234	277	337	8.97e-30	108
k141_233027_6	00211	27.848	237	327	337	2.23e-18	77.4
k141_233027_61	00188	24.667	150	349	272	2.90e-07	43.9
k141_306983_2	00182	34.177	158	315	277	2.49e-07	43.9
k141_870_10	00212	23.237	241	255	285	1.23e-06	41.2
k141_201486_1	00180	48.043	281	290	541	1.08e-94	283
k141_169806_2	00221	35.057	174	373	508	2.39e-16	72.8
k141_201500_2	00220	33.588	131	324	262	2.13e-09	50.1
k141_169835_1	00188	23.684	190	362	272	3.49e-07	43.5
k141_137983_3	00188	25.170	294	306	272	3.78e-18	75.9
k141_127509_43	00221	31.549	523	575	508	1.20e-62	208
k141_11634_2	00215	24.615	130	151	322	2.23e-13	58.9
k141_22010_47	00210	28.689	122	286	296	9.03e-08	45.1
k141_95714_6	00287	36.800	125	481	417	4.42e-20	85.1
k141_95714_6	00287	41.379	87	481	417	5.88e-14	66.2
k141_95714_6	00287	46.809	47	481	417	2.14e-07	45.4
k141_169894_9	00188	24.138	174	835	272	4.71e-06	41.6
k141_307087_2	00212	25.448	279	318	285	4.66e-12	58.2
k141_987_2	00252	43.689	103	583	420	1.73e-22	92.8
k141_275378_4	00223	31.502	273	466	348	3.08e-34	124
k141_22016_13	00212	32.673	101	304	285	5.01e-09	48.9
k141_43233_2	00252	43.689	103	299	420	4.32e-22	88.6
k141_148877_2	00212	26.506	166	303	285	6.71e-08	45.4
k141_180211_1	00211	25.850	147	303	337	3.57e-08	46.6
k141_254323_2	00209	23.529	204	443	448	1.17e-07	46.2
k141_85348_13	00178	38.636	220	313	216	1.55e-37	126
k141_1032_4	00223	32.489	237	502	348	4.62e-21	87.4
k141_95757_3	00185	36.957	92	231	305	5.37e-11	53.9
k141_138141_6	00211	26.531	196	229	337	9.39e-18	73.9
k141_212180_2	00191	27.407	135	246	240	8.49e-08	44.3
k141_285873_10	00188	40.206	97	507	272	8.77e-13	61.6
k141_64395_1	00212	42.222	45	230	285	7.30e-06	38.5
k141_191014_24	00186	27.326	344	366	388	4.70e-16	71.6
k141_275407_4	00186	50.000	44	453	388	3.29e-08	47.8
k141_95799_4	00319	27.389	157	222	307	6.88e-06	38.5
k141_264767_2	00212	27.907	172	231	285	1.64e-08	46.6
k141_22020_39	00211	38.697	261	347	337	1.70e-51	167
k141_138173_10	00178	38.974	195	240	216	1.21e-39	130
k141_180324_11	00223	30.282	284	501	348	3.34e-27	105
k141_127760_10	00188	22.511	231	297	272	3.27e-07	43.5
k141_43340_2	00223	30.943	265	470	348	5.41e-29	110
k141_222854_2	00265	64.228	123	568	435	2.11e-45	159
k141_285937_2	00212	30.252	119	275	285	9.00e-10	50.8
k141_11769_12	00209	22.814	469	456	448	1.82e-16	73.9
k141_11769_100	00186	46.809	47	427	388	2.52e-07	45.1
k141_64540_3	00221	30.508	177	225	508	7.01e-14	62.8
k141_275492_3	00211	27.604	192	218	337	2.48e-16	69.3
k141_285951_1	00287	33.077	130	272	417	6.51e-13	60.8
k141_1154_1	00183	31.481	162	297	307	6.78e-14	63.5
k141_1155_6	00211	61.889	307	343	337	4.32e-145	407
k141_75009_29	00196	30.645	124	483	401	1.63e-06	42.7
k141_75009_54	00254	61.364	88	345	425	1.14e-28	108
k141_75019_1	00211	37.500	152	200	337	1.58e-28	102
k141_191204_2	00212	24.779	226	263	285	1.13e-07	44.7
k141_127875_4	00182	39.640	111	192	277	9.60e-21	80.5
k141_222964_1	00259	69.048	42	46	450	2.60e-15	60.1
k141_222964_1	00259	53.846	39	46	450	2.69e-09	43.1
k141_222964_1	00259	45.714	35	46	450	9.18e-06	33.1
k141_264859_1	00211	27.700	213	338	337	1.05e-15	69.7
k141_85405_93	00222	22.410	473	540	516	2.70e-14	67.8
k141_117192_7	00188	34.653	101	297	272	6.52e-07	42.4
k141_233308_2	00212	25.391	256	306	285	2.43e-08	47.0
k141_159349_3	00220	27.692	195	249	262	3.58e-08	45.8
k141_127922_5	00220	23.474	213	373	262	1.54e-06	41.6
k141_1239_3	00185	33.684	190	310	305	3.67e-14	64.7
k141_170162_6	00211	60.119	336	332	337	2.99e-149	417
k141_296882_2	00219	24.390	205	214	446	5.74e-09	48.1
k141_212220_41	00188	23.077	247	273	272	1.30e-11	56.2
k141_106645_7	00186	45.902	61	486	388	1.93e-07	45.4
k141_11832_25	00223	42.802	257	478	348	8.89e-59	191
k141_64674_6	00279	28.906	128	151	443	9.13e-07	40.0
k141_170176_3	00211	28.834	163	306	337	1.02e-07	45.1
k141_286074_2	00204	27.941	136	284	271	8.69e-07	42.0
k141_159386_8	00146	30.556	72	282	365	1.30e-07	44.7
k141_138310_1	00182	34.000	100	135	277	4.72e-06	37.4
k141_138310_2	00188	27.273	242	251	272	5.39e-08	45.4
k141_1298_1	00223	27.602	221	427	348	3.35e-20	84.3
k141_296922_2	00187	29.500	200	298	250	3.59e-13	60.8
k141_296922_6	00211	36.508	315	318	337	4.27e-63	196
k141_254543_3	00146	37.500	64	365	365	2.99e-06	41.2
k141_159441_1	00221	33.066	499	528	508	8.12e-66	215
k141_212259_1	00186	52.500	40	424	388	5.41e-07	43.9
k141_96055_3	00212	25.514	243	256	285	2.51e-12	58.2
k141_96055_13	00182	36.449	107	417	277	3.45e-07	43.9
k141_106717_1	00215	27.068	133	384	322	1.43e-06	42.0
k141_201916_2	00186	28.000	275	301	388	5.78e-12	58.2
k141_22105_85	00188	23.394	218	702	272	1.23e-06	43.1
k141_22105_103	00325	33.784	74	241	449	1.64e-06	41.2
k141_265037_1	00185	41.395	215	275	305	6.36e-48	155
k141_265050_7	00192	28.235	85	403	186	4.71e-07	42.7
k141_128057_2	00187	31.852	135	294	250	2.88e-06	40.4
k141_117346_3	00188	28.070	171	392	272	2.65e-06	41.2
k141_117346_4	00262	71.429	98	475	415	4.56e-37	134
k141_170272_5	00186	40.789	76	453	388	2.03e-08	48.5
k141_243863_5	00210	46.970	66	259	296	1.15e-07	44.3
k141_243863_48	00188	23.039	204	588	272	1.29e-06	42.7
k141_243863_59	00210	27.338	139	224	296	3.75e-07	42.4
k141_243863_224	00219	30.345	145	279	446	1.54e-14	65.9
k141_85580_3	00209	28.289	456	455	448	1.65e-33	124
k141_85580_4	00186	54.348	46	467	388	1.03e-06	43.1
k141_159532_1	00220	24.775	222	279	262	4.52e-12	57.8
k141_11947_2	00180	48.764	445	454	541	1.31e-151	435
k141_75201_1	00209	29.348	92	138	448	2.72e-09	47.0
k141_75201_2	00186	37.589	141	285	388	6.89e-11	54.7
k141_75216_1	00209	32.589	224	282	448	8.59e-22	87.4
k141_128129_2	00268	73.077	78	387	450	4.38e-33	122
k141_128129_2	00268	56.410	39	387	450	9.29e-11	55.5
k141_149340_3	00215	24.074	270	331	322	1.16e-10	54.3
k141_254639_13	00328	34.188	117	512	242	1.62e-07	45.1
k141_138386_2	00178	41.121	214	211	216	1.94e-44	141
k141_138386_5	00220	23.684	228	404	262	5.36e-07	43.1
k141_128133_10	00212	29.514	288	285	285	4.36e-17	72.4
k141_223259_1	00182	39.286	84	114	277	2.26e-06	37.7
k141_286241_2	00186	24.907	269	279	388	6.52e-07	42.7
k141_54330_2	00188	26.396	197	234	272	3.79e-09	48.5
k141_64764_8	00220	33.065	124	761	262	1.88e-09	52.0
k141_54338_1	00209	36.972	284	403	448	8.12e-40	140
k141_223293_1	00173	24.186	215	215	218	1.04e-06	40.8
k141_243954_1	00188	31.933	119	212	272	8.87e-08	43.9
k141_22189_42	00212	32.381	105	360	285	7.82e-07	42.7
k141_297131_1	00212	24.074	270	295	285	9.74e-10	51.2
k141_212470_6	00223	31.095	283	362	348	4.08e-26	100
k141_159619_2	00181	34.708	291	299	275	4.36e-48	155
k141_64799_1	00181	27.723	101	166	275	6.04e-06	37.7
k141_243965_7	00220	26.298	289	372	262	2.49e-12	59.3
k141_75286_12	00212	31.915	141	280	285	1.55e-10	53.1
k141_233576_2	00187	27.907	172	204	250	9.20e-10	49.7
k141_149436_23	00222	49.614	518	503	516	1.21e-161	462
k141_54423_9	00188	35.294	119	132	272	7.36e-13	56.6
k141_191516_11	00212	22.677	269	345	285	9.84e-06	39.3
k141_191516_12	00212	33.594	256	251	285	5.85e-32	112
k141_275971_1	00211	31.973	147	156	337	7.09e-12	55.1
k141_128242_3	00212	27.027	222	221	285	4.97e-15	65.5
k141_64883_3	00111	21.333	150	411	210	2.72e-06	40.8
k141_170514_6	00212	37.662	77	325	285	2.09e-06	41.2
k141_117529_52	00220	26.718	262	647	262	5.55e-11	56.2
k141_117529_78	00306	33.673	98	485	259	9.63e-07	42.7
k141_117529_95	00220	24.138	203	373	262	1.26e-07	45.1
k141_286410_7	00319	28.070	171	212	307	1.33e-06	40.8
k141_22352_7	00187	27.397	219	286	250	3.54e-10	52.0
k141_12213_8	00188	26.552	290	454	272	5.58e-15	67.8
k141_244021_1	00185	35.115	131	299	305	4.54e-10	52.4
k141_117595_2	00187	33.333	123	253	250	7.80e-07	41.6
k141_170580_1	00173	29.108	213	260	218	1.16e-11	55.8
k141_202204_10	00191	26.360	239	335	240	2.86e-15	67.4
k141_128383_2	00173	25.581	172	507	218	6.43e-08	46.2
k141_254905_3	00212	27.273	99	311	285	3.18e-06	40.4
k141_276120_1	00211	32.990	97	152	337	1.28e-10	51.2
k141_212665_1	00192	23.016	126	452	186	1.58e-07	44.3
k141_128400_6	00180	47.038	574	628	541	0.0	526
k141_138523_5	00211	36.396	283	319	337	1.97e-53	172
k141_212666_6	00220	34.483	87	156	262	4.58e-09	46.6
k141_12289_3	00212	25.397	252	295	285	6.24e-09	48.5
k141_96423_13	00211	33.191	235	346	337	1.55e-34	122
k141_96423_50	00222	24.476	572	527	516	7.44e-20	85.1
k141_286515_8	00215	46.454	282	340	322	1.42e-82	247
k141_286515_11	00221	30.835	467	531	508	1.91e-49	171
k141_64983_1	00220	21.978	273	316	262	2.86e-10	52.8
k141_43703_11	00212	26.901	171	268	285	5.55e-07	42.4
k141_286530_8	00185	50.500	200	660	305	3.81e-54	181
k141_276207_2	00212	24.742	194	232	285	1.77e-06	40.4
k141_233861_1	00215	27.564	156	286	322	1.61e-11	56.6
k141_128432_7	00185	53.953	215	553	305	1.74e-62	201
k141_138564_33	00215	22.305	269	371	322	1.81e-10	54.3
k141_138564_35	00215	22.305	269	348	322	2.89e-12	59.3
k141_223570_1	00181	27.586	116	287	275	1.92e-10	53.1
k141_244179_1	00185	52.096	167	167	305	3.21e-42	136
k141_54540_5	00219	30.114	176	225	446	6.64e-21	83.2
k141_54540_6	00219	29.189	185	309	446	1.11e-18	79.0
k141_43747_17	00268	70.199	151	544	450	1.09e-65	214
k141_43747_17	00268	58.974	39	544	450	2.14e-10	55.5
k141_43747_18	00259	35.938	128	485	450	3.40e-14	67.0
k141_43747_18	00259	42.353	85	485	450	1.82e-11	58.5
k141_43747_19	00308	60.976	123	475	437	4.64e-47	162
k141_43747_33	00211	36.992	246	317	337	4.03e-48	157
k141_43747_35	00221	37.425	334	506	508	9.71e-51	174
k141_43747_38	00186	29.811	265	252	388	1.45e-14	65.5
k141_107211_2	00187	35.484	62	219	250	7.03e-06	38.5
k141_265357_1	00182	25.339	221	269	277	1.42e-06	41.2
k141_1806_4	00188	20.741	270	618	272	3.15e-10	53.9
k141_22602_1	00187	24.719	178	339	250	1.33e-08	47.8
k141_170819_1	00212	32.203	59	62	285	7.42e-06	34.3
k141_12386_5	00186	60.526	38	438	388	5.59e-07	43.9
k141_265366_8	00212	29.592	98	277	285	3.49e-08	46.2
k141_43786_7	00182	27.273	220	281	277	2.54e-08	46.6
k141_212784_18	00188	21.862	247	272	272	9.18e-11	53.9
k141_202423_2	00211	26.549	226	347	337	2.33e-15	68.9
k141_181046_93	00209	24.890	454	512	448	3.27e-14	67.0
k141_181046_143	00185	50.885	226	492	305	7.24e-58	187
k141_138653_4	00223	29.866	298	390	348	1.80e-24	96.3
k141_128612_2	00187	29.545	220	364	250	2.50e-09	50.1
k141_117829_9	00211	36.082	291	877	337	4.18e-39	141
k141_117829_58	00191	26.840	231	420	240	3.02e-10	53.1
k141_107265_2	00220	21.839	261	383	262	1.22e-09	51.2
k141_54641_3	00212	23.404	235	303	285	6.40e-07	42.7
k141_307983_1	00178	32.143	140	141	216	1.41e-17	69.3
k141_212855_13	00188	23.137	255	678	272	8.32e-09	50.1
k141_307989_2	00189	38.281	128	321	248	1.76e-17	73.6
k141_128646_16	00322	29.060	234	306	418	1.23e-10	54.3
k141_75800_2	00212	26.939	245	275	285	4.60e-13	60.8
k141_86094_11	00211	38.610	259	321	337	1.64e-59	187
k141_86094_29	00212	33.333	99	157	285	8.82e-13	57.4
k141_149882_7	00212	26.238	202	351	285	1.75e-09	50.8
k141_54684_2	00212	24.460	278	282	285	7.39e-11	54.3
k141_22731_2	00219	31.111	135	217	446	1.54e-08	47.0
k141_138734_40	00219	30.168	179	243	446	2.65e-16	70.5
k141_117929_2	00212	32.710	107	122	285	1.66e-08	44.3
k141_233981_10	00189	34.921	63	452	248	8.17e-07	42.7
k141_170995_1	00221	28.215	521	522	508	9.07e-53	180
k141_223724_2	00186	26.523	279	293	388	2.27e-07	44.3
k141_75870_2	00221	35.952	331	421	508	1.94e-54	182
k141_255263_6	00220	24.096	249	647	262	3.64e-06	41.6
k141_212958_4	00221	38.066	486	522	508	3.48e-87	271
k141_86167_1	00211	41.410	227	239	337	3.34e-57	179
k141_286807_29	00254	65.169	89	356	425	5.20e-33	120
k141_181260_13	00221	30.664	512	569	508	6.18e-59	197
k141_297494_6	00212	23.077	286	295	285	2.32e-08	47.0
k141_138861_5	00266	60.825	97	925	402	1.82e-30	117
k141_255290_6	00188	29.677	155	268	272	1.01e-08	47.8
k141_54707_40	00185	43.636	110	294	305	2.10e-15	68.2
k141_65335_15	00185	48.193	249	543	305	2.56e-75	234
k141_223796_41	00188	27.273	110	282	272	5.47e-06	39.7
k141_138876_1	00186	60.000	40	168	388	1.09e-10	52.0
k141_265587_31	00185	42.991	214	492	305	2.62e-43	149
k141_12720_3	00186	36.842	76	115	388	1.38e-07	41.2
k141_223835_1	00180	51.531	196	344	541	7.72e-70	221
k141_223835_1	00180	51.852	81	344	541	4.09e-21	87.0
k141_265616_1	00188	33.333	72	354	272	3.83e-06	40.4
k141_2165_4	00212	29.592	98	234	285	1.50e-08	46.6
k141_308210_2	00212	26.263	99	301	285	1.95e-06	41.2
k141_76101_1	00212	29.293	99	149	285	8.06e-11	51.6
k141_107468_29	00111	32.727	110	220	210	2.18e-19	76.3
k141_128924_2	00215	25.301	166	280	322	4.41e-06	40.0
k141_276446_5	00188	28.037	214	253	272	9.03e-15	65.1
k141_160295_1	00220	25.893	224	279	262	1.67e-12	58.9
k141_2236_2	00188	31.776	107	292	272	1.21e-06	41.6
k141_150197_4	00185	29.530	149	892	305	3.12e-06	42.4
k141_171200_2	00173	30.075	133	156	218	8.94e-09	45.4
k141_76195_4	00247	33.333	93	763	295	8.30e-06	40.8
k141_150217_2	00211	29.864	221	300	337	3.74e-26	99.0
k141_223960_1	00219	27.632	152	181	446	1.56e-07	43.1
k141_129010_2	00215	31.633	294	319	322	3.74e-41	139
k141_265726_2	00322	30.088	113	319	418	6.58e-08	46.2
k141_244473_40	00211	25.225	111	351	337	5.61e-06	40.0
k141_160395_2	00211	31.661	319	318	337	6.41e-39	134
k141_150258_5	00212	26.562	128	306	285	3.24e-09	49.7
k141_76225_15	00212	26.070	257	287	285	1.00e-08	47.8
k141_23128_1	00222	35.000	100	818	516	1.74e-11	59.7
k141_23128_1	00222	34.513	113	818	516	6.40e-11	58.2
k141_181456_2	00182	37.500	56	274	277	3.38e-06	40.0
k141_54908_4	00221	37.931	493	546	508	2.13e-82	259
k141_244545_3	00178	36.538	208	242	216	3.80e-37	123
k141_12944_2	00212	26.357	129	222	285	3.38e-07	42.4
k141_86460_7	00223	27.551	294	516	348	6.15e-20	84.0
k141_234372_2	00212	36.471	85	133	285	7.40e-11	51.2
k141_33895_23	00209	26.429	420	393	448	5.64e-26	101
k141_297623_2	00212	25.926	243	255	285	2.09e-07	43.5
k141_118315_1	00223	34.831	89	103	348	2.16e-09	45.8
k141_160456_4	00212	25.448	279	318	285	9.88e-13	60.5
k141_65602_2	00188	23.755	261	609	272	2.13e-11	57.8
k141_287144_1	00222	23.778	450	436	516	1.31e-20	86.7
k141_97123_9	00262	46.067	89	480	415	5.56e-21	87.8
k141_213036_123	00209	29.286	140	939	448	2.64e-06	43.1
k141_86542_2	00220	27.014	211	455	262	6.78e-07	43.1
k141_86546_4	00215	29.148	223	291	322	7.42e-09	48.5
k141_44326_6	00209	29.032	465	466	448	4.03e-36	132
k141_308505_2	00189	36.082	97	282	248	5.14e-08	45.4
k141_171305_4	00219	27.143	210	509	446	1.50e-18	80.5
k141_202990_79	00211	35.640	289	323	337	2.51e-58	184
k141_276690_1	00187	29.167	48	91	250	2.76e-06	36.6
k141_23259_3	00181	29.730	111	342	275	5.82e-12	58.2
k141_13028_30	00196	30.827	133	570	401	6.99e-10	53.5
k141_97224_7	00212	26.699	206	276	285	6.56e-07	42.4
k141_171342_9	00260	53.125	96	394	405	4.53e-26	101
k141_65606_3	00187	26.016	246	695	250	1.93e-08	48.5
k141_297700_7	00188	28.125	128	332	272	1.67e-06	41.6
k141_287282_17	00223	32.459	305	467	348	5.07e-36	129
k141_308561_1	00220	38.462	65	138	262	5.96e-06	37.4
k141_55088_3	00212	25.483	259	260	285	2.17e-18	75.9
k141_181660_1	00268	56.757	74	718	450	1.09e-19	85.1
k141_181660_1	00268	56.410	39	718	450	3.75e-10	55.1
k141_181660_3	00259	81.301	123	169	450	1.09e-69	211
k141_181660_3	00259	48.649	37	169	450	5.00e-09	47.4
k141_287297_12	00212	24.793	242	297	285	1.65e-08	47.4
k141_287297_15	00173	29.442	197	235	218	1.33e-13	60.8
k141_287304_10	00212	28.462	260	261	285	2.93e-13	61.2
k141_86675_14	00212	26.295	251	262	285	1.37e-13	62.0
k141_244673_1	00221	38.477	486	522	508	4.18e-88	273
k141_287350_1	00178	30.380	158	204	216	1.66e-08	45.8
k141_139338_1	00187	26.866	201	247	250	3.59e-08	45.4
k141_139338_4	00187	24.229	227	263	250	5.62e-07	42.4
k141_86714_1	00252	41.892	74	129	420	3.32e-16	66.6
k141_171405_5	00212	44.610	269	284	285	3.85e-71	214
k141_234606_2	00188	34.127	126	269	272	9.52e-14	62.4
k141_44522_2	00182	36.145	83	295	277	1.68e-07	44.3
k141_192634_1	00212	35.294	102	180	285	1.21e-16	68.9
k141_213239_2	00211	29.825	114	298	337	1.09e-10	54.3
k141_97363_6	00185	34.513	113	290	305	4.26e-14	64.3
k141_192645_6	00180	33.043	115	342	541	2.46e-07	44.7
k141_150536_3	00191	32.850	207	311	240	1.80e-21	84.3
k141_13237_2	00212	31.667	120	303	285	8.16e-07	42.4
k141_308731_28	00212	21.918	292	311	285	1.78e-07	44.3
k141_308731_30	00188	24.514	257	665	272	3.96e-11	57.0
k141_224228_4	00187	29.577	142	709	250	1.89e-08	48.5
k141_86852_13	00212	22.615	283	278	285	1.46e-08	47.4
k141_203198_1	00305	64.228	123	303	455	1.53e-51	169
k141_203198_1	00305	40.789	76	303	455	1.46e-14	66.2
k141_97404_6	00210	35.000	80	245	296	6.76e-07	42.0
k141_129403_2	00209	24.444	450	443	448	3.07e-19	82.4
k141_2800_3	00212	26.068	234	319	285	2.52e-09	50.1
k141_86905_2	00185	50.407	123	124	305	1.29e-34	115
k141_65705_58	00212	24.291	247	255	285	3.34e-08	45.8
k141_150611_1	00223	30.164	305	318	348	1.71e-34	122
k141_44597_36	00220	22.222	261	410	262	2.09e-11	56.6
k141_203211_23	00323	27.068	133	298	403	3.19e-06	40.8
k141_192718_1	00261	65.455	110	786	475	7.68e-43	155
k141_192718_2	00268	63.566	129	435	450	4.57e-54	180
k141_192718_2	00268	58.974	39	435	450	9.49e-11	55.8
k141_192718_2	00268	50.000	40	435	450	1.29e-06	42.7
k141_118726_2	00204	34.848	66	179	271	5.87e-06	38.1
k141_255978_4	00212	28.283	198	280	285	7.74e-11	54.3
k141_13279_4	00185	46.087	230	583	305	2.00e-52	175
k141_13279_5	00185	41.256	223	595	305	3.23e-46	158
k141_118789_5	00212	25.322	233	472	285	2.63e-08	47.8
k141_203295_1	00215	45.652	92	142	322	4.41e-20	77.4
k141_129456_19	00178	26.316	209	280	216	1.40e-09	49.7
k141_129456_22	00208	29.915	117	267	273	6.54e-07	42.0
k141_97511_9	00215	27.326	172	438	322	8.33e-10	52.4
k141_244900_1	00222	38.667	75	133	516	5.99e-10	48.9
k141_266322_1	00185	33.588	131	353	305	1.39e-11	57.4
k141_244918_1	00221	35.959	292	372	508	7.44e-48	162
k141_160800_2	00212	24.891	229	259	285	9.13e-08	44.7
k141_139553_2	00182	33.000	100	305	277	7.81e-06	39.3
k141_65820_2	00178	32.323	99	192	216	2.71e-08	45.1
k141_234812_5	00215	32.979	282	331	322	2.63e-44	148
k141_65837_1	00187	25.475	263	269	250	2.82e-07	43.1
k141_192865_5	00211	34.185	313	299	337	2.85e-42	142
k141_118857_12	00268	60.938	128	375	450	3.77e-48	162
k141_118857_12	00268	45.946	74	375	450	8.58e-13	62.0
k141_118857_12	00268	43.590	39	375	450	6.28e-07	43.5
k141_298095_2	00212	26.642	274	276	285	2.49e-11	55.5
k141_13311_6	00219	27.848	79	275	446	1.20e-06	42.0
k141_256191_1	00191	31.633	196	369	240	1.59e-14	65.5
k141_244976_1	00211	34.802	227	233	337	3.69e-39	131
k141_13356_5	00178	41.121	214	218	216	1.88e-40	131
k141_65870_7	00211	32.143	224	304	337	7.86e-31	111
k141_65870_22	00211	24.686	239	341	337	2.89e-09	50.4
k141_308931_4	00111	30.172	116	210	210	2.00e-12	57.0
k141_171713_1	00287	32.812	128	915	417	2.19e-12	62.4
k141_171713_1	00287	28.030	132	915	417	1.30e-07	47.4
k141_171713_1	00287	30.709	127	915	417	3.40e-06	42.7
k141_97649_1	00219	29.365	126	268	446	1.67e-10	53.5
k141_234912_3	00212	28.947	266	261	285	4.17e-16	69.3
k141_118983_2	00219	23.810	210	251	446	3.58e-12	58.2
k141_277070_1	00259	89.796	49	52	450	5.20e-28	96.3
k141_277070_1	00259	55.319	47	52	450	4.54e-13	53.9
k141_277070_1	00259	54.054	37	52	450	1.07e-10	47.4
k141_277070_2	00265	63.415	123	222	435	1.25e-48	158
k141_277070_2	00265	51.111	90	222	435	2.59e-23	90.1
k141_287877_1	00212	28.421	95	251	285	3.66e-08	45.8
k141_97675_1	00219	29.365	126	254	446	1.23e-09	50.8
k141_234940_3	00212	25.926	270	291	285	1.01e-09	50.8
k141_34568_4	00186	27.817	284	560	388	5.60e-15	69.3
k141_287885_7	00189	36.296	135	311	248	2.44e-15	67.4
k141_76834_32	00212	33.673	98	307	285	3.21e-12	58.5
k141_213661_4	00219	36.420	162	323	446	1.34e-26	102
k141_44851_2	00209	26.964	471	465	448	4.83e-33	123
k141_108233_22	00188	31.792	173	298	272	1.32e-14	65.5
k141_23746_1	00211	31.250	96	290	337	1.29e-10	53.9
k141_171800_5	00223	42.553	47	139	348	4.13e-09	46.6
k141_171802_2	00211	37.716	289	320	337	7.42e-52	167
k141_66009_5	00211	31.513	238	256	337	1.10e-34	120
k141_87257_7	00262	64.286	98	363	415	4.13e-35	126
k141_139756_8	00187	33.962	106	251	250	2.48e-09	49.3
k141_245076_2	00185	44.813	241	278	305	6.41e-52	165
k141_234992_1	00252	54.455	101	386	420	9.02e-26	100
k141_13491_16	00211	33.951	324	314	337	2.60e-47	155
k141_256438_3	00212	24.793	121	296	285	1.43e-09	50.4
k141_76954_5	00283	26.613	248	331	269	1.81e-11	56.6
k141_203492_28	00209	30.918	207	625	448	3.77e-11	58.2
k141_150988_5	00220	31.429	105	316	262	9.65e-09	48.1
k141_44909_2	00307	31.683	101	141	266	6.29e-07	40.0
k141_256529_2	00178	46.789	109	132	216	3.09e-25	89.0
k141_245128_2	00218	30.457	197	219	428	1.09e-16	70.9
k141_288100_2	00212	28.626	262	315	285	1.52e-17	74.3
k141_151006_1	00223	31.274	259	277	348	8.82e-26	97.4
k141_224655_5	00173	28.641	206	217	218	2.69e-09	48.1
k141_213773_2	00211	26.512	215	366	337	2.34e-10	53.9
k141_44934_6	00212	29.677	155	256	285	4.61e-06	39.7
k141_161106_15	00187	28.095	210	409	250	5.21e-09	49.3
k141_213785_1	00220	26.772	254	450	262	2.11e-14	65.9
k141_151024_1	00211	26.383	235	230	337	1.94e-24	92.4
k141_97919_1	00186	29.329	283	274	388	3.89e-20	82.0
k141_77005_17	00212	20.209	287	295	285	6.91e-06	39.3
k141_182360_3	00219	27.000	200	273	446	6.88e-16	69.7
k141_129814_41	00223	27.500	280	486	348	5.53e-26	101
k141_87471_1	00186	57.895	38	390	388	2.50e-06	41.6
k141_108420_25	00211	29.091	110	385	337	5.64e-10	52.8
k141_23906_1	00209	44.444	45	62	448	2.57e-08	41.2
k141_151077_15	00219	27.586	145	232	446	4.47e-12	57.8
k141_266701_21	00188	27.389	157	585	272	1.57e-12	60.8
k141_87479_2	00212	23.552	259	306	285	1.14e-08	47.8
k141_129817_11	00212	30.392	102	285	285	1.06e-07	44.7
k141_23925_3	00222	40.706	538	538	516	7.12e-112	336
k141_34919_1	00219	26.064	188	308	446	2.83e-11	56.6
k141_140004_3	00220	30.508	118	605	262	1.78e-07	45.4
k141_277361_3	00223	32.946	258	353	348	4.41e-26	100
k141_203736_12	00212	25.660	265	289	285	9.90e-11	53.9
k141_171980_1	00223	34.109	258	379	348	1.98e-34	123
k141_161212_4	00180	58.462	65	117	541	4.09e-23	85.9
k141_171996_5	00187	30.864	162	329	250	2.35e-10	52.8
k141_224803_1	00178	38.462	182	182	216	2.14e-32	109
k141_3369_1	00209	26.222	450	727	448	7.89e-26	103
k141_288326_14	00312	27.723	202	328	284	2.14e-06	41.2
k141_98097_1	00209	36.313	179	203	448	6.33e-22	85.5
k141_298346_110	00186	62.222	45	434	388	1.73e-10	55.1
k141_298346_119	00262	45.783	83	502	415	9.36e-20	84.0
k141_298346_160	00211	27.969	261	322	337	3.29e-18	77.0
k141_298346_182	00185	49.296	213	525	305	3.97e-56	183
k141_3426_1	00211	34.615	52	122	337	2.42e-06	38.1
k141_108628_1	00209	25.989	177	419	448	7.35e-06	40.4
k141_182577_2	00222	26.937	271	344	516	1.73e-10	54.7
k141_277476_3	00181	30.675	163	266	275	6.68e-15	65.9
k141_235293_2	00146	34.568	81	83	365	5.55e-07	38.5
k141_129962_10	00212	28.713	101	322	285	3.52e-07	43.5
k141_309522_3	00212	31.557	244	296	285	1.51e-17	73.9
k141_193436_1	00221	28.117	377	362	508	3.47e-26	102
k141_3448_2	00212	25.434	173	208	285	4.44e-06	38.9
k141_277504_1	00212	33.036	112	360	285	2.64e-07	44.3
k141_119504_3	00215	23.636	275	362	322	4.27e-08	46.6
k141_119504_4	00212	30.435	253	265	285	1.99e-24	92.4
k141_309558_16	00209	31.049	467	481	448	5.57e-41	145
k141_161375_2	00111	32.727	110	207	210	1.08e-18	73.9
k141_256865_2	00323	24.806	129	274	403	2.76e-06	40.8
k141_256865_3	00212	25.806	248	291	285	3.05e-08	46.6
k141_266870_22	00212	23.843	281	312	285	2.52e-09	50.1
k141_266870_23	00220	33.065	124	283	262	9.78e-08	44.7
k141_161380_7	00185	47.414	232	569	305	4.58e-50	168
k141_309565_14	00211	23.864	264	327	337	5.24e-10	52.4
k141_161395_6	00211	60.968	310	343	337	1.22e-140	395
k141_98199_3	00211	30.159	126	505	337	4.79e-13	62.8
k141_288541_1	00252	55.000	100	609	420	2.71e-28	110
k141_309606_8	00212	20.988	243	213	285	2.63e-07	42.7
k141_277533_21	00212	29.963	267	261	285	9.43e-16	68.2
k141_277533_34	00188	25.091	275	414	272	2.45e-14	65.5
k141_277533_41	00223	30.282	284	501	348	1.13e-26	103
k141_98229_1	00186	45.283	53	427	388	2.04e-06	42.0
k141_245508_17	00211	28.169	213	346	337	9.49e-21	84.7
k141_214114_2	00223	30.275	109	250	348	7.30e-11	54.3
k141_182665_83	00220	24.204	314	487	262	1.79e-12	60.5
k141_45279_9	00220	25.322	233	675	262	9.54e-15	67.8
k141_298534_1	00173	27.805	205	227	218	7.41e-10	50.1
k141_151386_17	00189	36.893	103	295	248	1.48e-06	41.2
k141_35022_99	00186	57.143	42	601	388	3.59e-08	48.1
k141_288641_2	00186	51.163	43	450	388	2.51e-07	45.1
k141_225104_1	00186	55.556	36	285	388	3.77e-07	43.5
k141_3580_1	00180	53.172	331	341	541	1.65e-118	346
k141_140264_19	00210	40.845	71	272	296	6.60e-09	48.5
k141_140264_20	00211	29.961	257	314	337	9.64e-29	106
k141_24198_6	00220	24.000	250	639	262	5.83e-10	53.1
k141_45371_2	00200	34.586	133	387	278	3.50e-09	50.1
k141_14020_1	00212	24.790	238	259	285	5.62e-08	45.4
k141_225124_4	00180	44.366	568	595	541	2.29e-161	466
k141_161575_1	00209	25.556	180	477	448	2.70e-09	51.6
k141_161580_7	00292	34.211	76	273	431	1.97e-06	41.2
k141_66524_4	00187	29.661	118	229	250	4.66e-08	45.1
k141_66524_8	00215	22.468	316	353	322	2.86e-12	59.7
k141_108903_1	00211	38.628	277	288	337	2.55e-63	196
k141_77587_2	00317	33.333	69	272	293	5.34e-07	42.7
k141_277603_3	00188	23.929	280	341	272	6.53e-11	55.1
k141_277603_37	00211	33.621	116	348	337	3.64e-14	65.5
k141_172234_45	00186	29.098	244	369	388	2.41e-18	78.6
k141_172234_87	00209	27.214	463	462	448	2.45e-40	143
k141_140343_5	00188	34.146	82	319	272	1.41e-07	44.7
k141_56251_3	00185	39.565	230	479	305	8.49e-39	136
k141_266995_8	00187	27.839	273	291	250	1.76e-10	53.1
k141_266995_15	00211	32.937	252	325	337	1.75e-32	116
k141_161642_2	00215	24.667	300	315	322	1.35e-14	66.2
k141_77627_3	00220	26.778	239	349	262	2.59e-13	62.0
k141_3633_12	00187	34.848	132	265	250	8.93e-07	41.6
k141_161647_6	00186	27.609	297	378	388	2.31e-10	54.3
k141_267006_4	00221	30.368	517	516	508	1.66e-52	179
k141_77638_1	00212	25.940	266	281	285	1.89e-15	67.8
k141_98394_11	00221	31.238	541	581	508	2.57e-55	188
k141_204167_8	00212	24.138	290	296	285	4.71e-08	45.8
k141_66629_8	00211	32.558	86	194	337	1.13e-14	63.9
k141_14162_1	00182	40.000	80	119	277	6.42e-08	42.4
k141_35256_8	00188	36.607	112	481	272	3.17e-15	68.6
k141_119905_1	00180	33.898	59	94	541	9.35e-09	43.9
k141_277713_1	00181	27.317	205	237	275	1.84e-14	63.9
k141_14196_1	00215	24.516	155	345	322	1.05e-06	42.4
k141_257260_2	00220	24.074	216	722	262	2.18e-12	60.8
k141_24467_2	00206	33.333	117	471	269	2.64e-07	44.7
k141_56404_1	00189	30.909	110	257	248	2.05e-06	40.4
k141_98524_1	00185	49.573	117	390	305	4.84e-28	105
k141_183004_4	00211	32.353	102	297	337	1.66e-12	59.7
k141_98575_1	00268	57.778	45	352	450	5.66e-11	55.8
k141_204386_1	00220	28.740	254	390	262	2.41e-17	74.3
k141_193922_5	00220	25.792	221	221	262	1.40e-07	43.5
k141_288971_4	00182	34.234	111	279	277	1.94e-06	40.8
k141_172468_10	00196	28.415	183	279	401	5.89e-06	39.7
k141_245857_1	00178	36.866	217	314	216	3.62e-34	117
k141_310093_10	00188	32.812	128	275	272	2.90e-06	40.4
k141_3805_3	00173	41.667	204	226	218	1.11e-44	142
k141_24602_9	00188	26.400	250	475	272	1.89e-09	51.2
k141_3827_5	00187	38.235	102	299	250	4.24e-08	45.8
k141_204460_2	00252	41.509	106	704	420	2.75e-16	74.3
k141_257499_4	00212	24.883	213	266	285	1.34e-09	50.4
k141_161919_13	00188	33.333	123	311	272	3.02e-07	43.5
k141_194014_16	00279	26.339	224	246	443	3.95e-07	43.1
k141_14420_1	00223	30.542	203	374	348	1.71e-21	87.4
k141_194026_1	00219	28.283	99	197	446	9.25e-09	47.0
k141_151777_10	00185	46.429	56	64	305	3.39e-10	46.6
k141_98719_2	00212	26.887	212	305	285	5.97e-07	42.7
k141_267356_2	00219	36.508	63	104	446	4.06e-10	48.1
k141_289049_6	00211	25.532	235	293	337	5.02e-14	64.3
k141_130480_1	00220	26.446	242	347	262	4.83e-09	49.3
k141_235914_2	00212	25.869	259	260	285	1.14e-19	79.3
k141_120181_2	00191	30.952	126	286	240	1.31e-11	56.2
k141_130539_4	00220	23.109	238	273	262	4.44e-06	39.7
k141_204644_1	00215	25.806	248	609	322	4.45e-08	47.8
k141_235933_18	00223	29.592	294	409	348	2.80e-22	90.1
k141_120209_3	00191	28.761	226	303	240	7.74e-19	77.0
k141_214652_2	00185	43.556	225	521	305	2.42e-49	165
k141_267454_5	00212	34.028	144	396	285	5.90e-15	67.4
k141_88447_1	00220	21.875	192	522	262	1.63e-06	42.4
k141_162050_4	00111	30.469	128	197	210	2.56e-13	59.3
k141_35631_1	00188	29.134	127	328	272	2.61e-08	47.0
k141_225312_5	00212	22.768	224	259	285	5.26e-06	39.3
k141_289096_6	00212	26.857	175	303	285	2.43e-06	40.8
k141_289096_17	00185	44.393	214	442	305	1.13e-42	146
k141_225315_2	00145	32.558	86	650	366	8.46e-07	43.9
k141_35633_3	00220	26.829	123	313	262	3.47e-08	46.2
k141_289115_3	00230	35.562	329	422	339	3.34e-51	169
k141_24871_5	00209	25.532	188	496	448	7.10e-06	40.8
k141_299096_1	00186	61.765	34	713	388	8.29e-07	44.3
k141_172731_1	00222	33.333	267	264	516	1.21e-30	112
k141_78212_2	00201	31.373	102	231	271	4.58e-08	45.1
k141_183358_1	00186	31.081	296	312	388	2.89e-19	80.1
k141_278092_2	00209	23.116	199	469	448	1.67e-07	45.8
k141_56800_2	00266	58.000	100	776	402	9.57e-28	109
k141_109432_2	00211	32.323	99	216	337	1.06e-07	44.3
k141_78243_6	00187	30.827	133	290	250	5.16e-07	42.7
k141_141043_4	00319	31.193	109	290	307	1.60e-06	41.2
k141_141044_2	00211	29.167	96	400	337	1.72e-08	48.1
k141_24967_2	00182	25.688	218	326	277	6.20e-08	45.8
k141_35696_14	00223	29.870	231	352	348	3.75e-29	108
k141_35696_17	00223	32.512	203	315	348	6.44e-23	90.5
k141_183365_4	00192	27.326	172	686	186	8.28e-14	63.5
k141_120374_7	00212	26.923	286	283	285	1.36e-13	62.4
k141_310399_5	00215	22.927	205	251	322	7.10e-09	48.1
k141_56845_16	00219	25.773	97	287	446	2.14e-06	41.2
k141_183400_8	00209	26.652	454	481	448	9.05e-29	111
k141_299202_4	00182	25.806	217	360	277	3.32e-08	47.0
k141_236071_5	00220	26.236	263	778	262	5.97e-10	53.5
k141_257759_2	00209	23.841	453	454	448	1.29e-16	74.3
k141_162237_3	00192	24.812	133	438	186	1.13e-09	50.4
k141_130742_1	00187	33.333	117	197	250	3.61e-08	45.1
k141_56903_2	00220	27.692	130	687	262	1.82e-06	42.7
k141_78354_3	00186	36.900	271	318	388	5.71e-45	150
k141_99005_2	00211	32.314	229	305	337	1.15e-24	95.1
k141_56911_1	00185	48.148	135	401	305	2.66e-37	130
k141_257810_1	00212	26.022	269	307	285	1.56e-12	59.7
k141_310476_3	00212	26.744	258	286	285	7.55e-13	60.1
k141_310485_2	00187	32.031	128	152	250	8.21e-06	37.0
k141_141186_3	00311	30.282	142	455	325	5.79e-07	43.9
k141_278246_3	00223	27.179	195	244	348	1.82e-15	67.8
k141_141192_4	00204	26.452	155	284	271	6.80e-06	39.3
k141_257854_1	00180	39.175	97	214	541	2.54e-16	69.7
k141_299294_1	00188	28.814	236	257	272	7.48e-14	62.8
k141_25083_2	00212	28.000	125	289	285	8.13e-07	42.0
k141_120478_24	00188	24.016	254	612	272	9.93e-07	43.1
k141_172897_11	00183	27.168	173	294	307	3.41e-10	52.4
k141_130832_2	00212	23.438	192	254	285	1.69e-06	40.8
k141_99097_2	00244	59.459	111	568	451	1.80e-37	137
k141_120490_18	00182	25.000	232	280	277	6.88e-08	45.4
k141_99107_1	00219	30.481	187	337	446	4.84e-26	100
k141_35847_3	00215	44.771	306	346	322	2.20e-77	234
k141_183554_8	00183	25.705	319	324	307	3.39e-11	55.8
k141_183554_11	00187	23.462	260	325	250	8.46e-07	42.0
k141_183554_12	00211	25.862	174	283	337	1.31e-15	68.6
k141_141283_2	00211	39.768	259	318	337	5.90e-59	186
k141_141293_2	00181	27.206	136	176	275	1.32e-12	57.4
k141_109622_1	00209	27.397	73	149	448	9.56e-07	40.0
k141_205005_1	00186	55.000	40	347	388	4.27e-06	40.4
k141_152143_1	00211	34.884	86	204	337	1.24e-09	49.7
k141_14944_9	00187	27.170	265	309	250	1.05e-10	53.9
k141_120518_60	00212	24.481	241	264	285	8.93e-10	50.8
k141_205042_3	00212	30.081	123	129	285	3.58e-11	52.0
k141_67344_2	00187	25.359	209	332	250	3.17e-09	49.7
k141_267908_4	00211	51.351	296	318	337	1.99e-103	300
k141_215023_22	00215	21.181	288	526	322	1.88e-06	42.4
k141_215023_26	00211	38.111	307	324	337	2.15e-58	184
k141_278397_7	00220	22.840	162	735	262	1.57e-06	42.7
k141_57140_1	00222	29.616	547	631	516	6.57e-41	149
k141_99172_2	00252	39.048	105	183	420	1.88e-17	72.0
k141_99172_4	00211	37.061	313	312	337	6.75e-57	180
k141_15019_2	00189	39.062	128	321	248	6.40e-19	77.8
k141_67435_1	00185	52.881	295	380	305	2.11e-95	281
k141_310756_5	00196	30.303	99	227	401	3.03e-06	40.0
k141_267971_8	00220	27.358	106	219	262	6.37e-09	47.4
k141_35977_5	00191	32.143	196	384	240	1.26e-19	80.5
k141_225755_2	00219	27.068	133	455	446	3.65e-07	44.7
k141_152177_51	00215	23.323	313	316	322	6.22e-12	58.2
k141_78645_2	00211	24.793	121	135	337	1.09e-07	42.4
k141_120576_13	00211	31.304	115	349	337	3.53e-11	56.2
k141_25322_2	00215	24.286	140	241	322	2.70e-09	49.3
k141_310788_7	00187	29.858	211	236	250	4.54e-11	53.9
k141_236252_30	00211	28.852	305	303	337	4.89e-27	101
k141_120605_1	00268	61.682	107	453	450	5.62e-39	139
k141_120605_1	00268	59.459	37	453	450	2.80e-07	45.1
k141_278504_2	00212	29.289	239	296	285	1.39e-11	56.6
k141_141500_1	00188	24.901	253	675	272	1.67e-08	48.9
k141_183752_2	00316	36.290	124	178	432	3.47e-15	65.5
k141_183752_2	00316	38.947	95	178	432	6.70e-12	55.8
k141_183752_2	00316	35.897	78	178	432	1.96e-07	42.7
k141_25375_5	00188	28.070	171	307	272	3.42e-08	46.6
k141_258087_2	00250	37.805	82	121	445	1.39e-16	67.4
k141_289545_20	00220	30.233	129	280	262	9.05e-07	42.0
k141_152234_2	00223	64.583	288	345	348	1.94e-136	385
k141_57275_4	00178	42.254	213	223	216	1.89e-46	147
k141_57275_5	00178	39.437	213	218	216	6.73e-42	135
k141_57275_6	00178	40.201	199	211	216	4.92e-35	117
k141_57275_7	00178	37.443	219	216	216	1.49e-28	100
k141_310825_4	00212	25.194	258	369	285	9.91e-07	42.4
k141_299603_1	00146	30.000	90	372	365	9.20e-06	39.7
k141_268066_1	00212	26.087	161	220	285	7.73e-07	41.6
k141_36030_14	00219	32.086	187	283	446	1.42e-28	106
k141_152259_1	00173	45.161	124	140	218	9.62e-29	98.2
k141_120722_1	00259	61.682	107	114	450	1.88e-41	135
k141_120722_1	00259	57.143	35	114	450	4.51e-08	42.7
k141_25438_1	00220	27.711	83	141	262	1.97e-08	44.3
k141_99328_1	00215	24.409	127	286	322	1.95e-06	41.2
k141_246559_4	00220	25.000	216	724	262	5.84e-13	62.4
k141_258183_1	00209	24.051	316	322	448	5.02e-13	62.0
k141_109848_2	00212	30.000	100	273	285	5.07e-07	42.7
k141_278614_2	00246	27.612	134	247	312	2.30e-07	43.5
k141_258190_2	00212	25.974	231	259	285	4.60e-14	63.5
k141_36100_1	00187	29.655	145	176	250	1.76e-08	45.4
k141_268152_2	00280	69.600	125	488	427	1.69e-52	176
k141_268152_2	00280	44.737	76	488	427	4.38e-15	69.7
k141_183942_2	00186	40.000	55	331	388	5.46e-08	46.6
k141_268169_3	00211	28.244	262	347	337	2.67e-22	89.0
k141_36141_3	00185	48.936	235	295	305	4.26e-66	202
k141_183997_21	00215	28.030	264	354	322	4.80e-20	82.4
k141_184006_1	00219	31.522	92	220	446	2.13e-07	43.5
k141_99458_1	00222	44.595	148	236	516	4.04e-32	115
k141_246597_49	00212	27.193	228	262	285	7.55e-18	74.3
k141_99467_1	00178	48.485	66	99	216	3.67e-13	55.8
k141_268275_1	00319	28.125	160	222	307	6.69e-06	38.5
k141_162758_58	00220	33.065	124	751	262	4.80e-10	53.9
k141_110001_1	00220	25.806	217	530	262	8.73e-10	52.4
k141_258330_2	00105	26.190	126	270	304	9.77e-06	38.9
k141_184046_11	00180	52.815	373	644	541	1.57e-138	409
k141_184046_11	00180	59.140	186	644	541	7.31e-71	232
k141_99528_1	00252	44.262	61	63	420	2.93e-14	58.2
k141_99528_2	00244	60.000	115	422	451	2.52e-38	137
k141_89347_3	00211	41.232	211	270	337	5.76e-48	155
k141_258384_4	00209	27.373	453	467	448	5.78e-40	142
k141_184066_4	00192	27.326	172	686	186	6.91e-14	63.5
k141_25677_9	00209	29.476	458	496	448	3.71e-34	127
k141_131381_1	00220	26.275	255	364	262	8.19e-19	78.2
k141_194480_30	00185	48.018	227	509	305	1.70e-55	181
k141_152521_33	00186	28.485	330	322	388	3.61e-17	74.3
k141_299824_1	00265	45.833	120	486	435	4.66e-25	100
k141_299824_1	00265	48.611	72	486	435	1.27e-17	77.4
k141_299824_2	00324	46.392	97	369	442	5.48e-21	86.7
k141_184080_2	00222	47.280	478	480	516	1.19e-129	379
k141_25679_37	00220	22.963	270	653	262	2.22e-13	63.5
k141_36289_4	00220	26.872	227	318	262	1.25e-12	59.7
k141_299833_6	00186	43.182	44	427	388	5.41e-06	40.8
k141_162793_11	00187	32.287	223	332	250	1.19e-15	68.6
k141_268389_2	00215	24.756	307	370	322	4.50e-15	68.2
k141_278900_12	00224	29.508	122	238	304	3.34e-07	42.7
k141_57687_9	00186	27.203	261	305	388	1.07e-06	42.4
k141_173540_2	00266	40.206	97	443	402	1.39e-14	67.8
k141_36356_1	00259	32.258	155	454	450	1.80e-19	83.2
k141_36356_1	00259	32.184	87	454	450	1.16e-07	46.2
k141_110187_1	00223	54.511	266	342	348	2.36e-100	293
k141_15623_7	00180	46.988	332	649	541	2.57e-109	333
k141_15623_7	00180	57.500	160	649	541	3.15e-57	196
k141_89390_58	00212	22.826	276	297	285	1.62e-07	44.3
k141_89390_80	00211	33.036	112	345	337	5.52e-16	70.9
k141_36374_1	00189	36.111	108	283	248	1.18e-06	41.6
k141_226322_2	00209	44.231	52	118	448	3.02e-07	40.4
k141_246806_4	00212	28.384	229	370	285	3.68e-15	67.8
k141_99707_3	00287	33.071	127	286	417	1.55e-12	60.1
k141_99707_3	00287	33.333	81	286	417	1.90e-08	47.4
k141_121173_1	00209	31.214	173	195	448	1.90e-14	63.5
k141_194574_7	00212	23.868	243	245	285	7.58e-06	38.9
k141_162837_2	00187	34.234	111	258	250	9.14e-06	38.5
k141_246822_5	00211	28.627	255	302	337	2.10e-29	107
k141_246822_11	00220	25.214	234	249	262	6.54e-13	59.7
k141_152658_2	00266	72.165	97	483	402	1.17e-42	149
k141_110302_1	00186	31.496	127	209	388	3.53e-06	39.7
k141_299846_31	00188	27.083	192	261	272	3.50e-10	52.0
k141_299846_65	00244	29.771	131	197	451	4.57e-08	45.1
k141_258628_3	00186	52.778	36	464	388	5.35e-06	40.8
k141_25798_3	00269	33.846	65	325	426	9.43e-06	39.3
k141_279028_2	00178	37.255	51	121	216	7.16e-06	36.6
k141_45415_128	00181	27.326	172	253	275	5.59e-13	60.1
k141_45415_368	00188	24.473	237	293	272	1.37e-08	47.4
k141_45415_402	00186	40.260	77	412	388	1.48e-09	52.0
k141_45415_564	00186	27.273	330	327	388	3.88e-10	53.1
k141_45415_858	00188	21.723	267	282	272	1.46e-09	50.4
k141_45415_870	00290	25.000	148	256	299	6.26e-06	39.3
k141_45415_1260	00220	23.200	250	960	262	7.42e-08	47.4
k141_45415_1412	00220	24.194	186	694	262	4.30e-08	47.8
k141_57817_1	00311	30.137	146	168	325	3.25e-12	56.2
k141_142040_2	00180	70.270	74	77	541	4.83e-32	108
k141_184258_2	00211	39.350	277	308	337	1.32e-64	200
k141_226435_4	00186	60.000	35	320	388	3.42e-08	47.0
k141_290054_2	00189	33.333	90	321	248	7.32e-08	45.4
k141_121226_13	00219	31.200	125	193	446	2.47e-16	69.3
k141_184283_1	00178	37.054	224	285	216	2.68e-40	133
k141_89498_2	00319	25.444	169	235	307	1.16e-06	41.2
k141_226452_5	00263	39.130	92	525	452	8.69e-14	65.9
k141_258677_7	00295	29.448	163	421	288	1.07e-07	45.8
k141_258677_8	00226	32.203	118	401	284	2.27e-08	47.8
k141_290094_3	00220	26.147	218	232	262	5.50e-08	45.1
k141_279081_7	00212	28.000	250	489	285	3.05e-12	59.7
k141_226455_9	00188	30.612	245	263	272	1.45e-21	84.3
k141_15797_11	00178	39.732	224	234	216	2.75e-39	129
k141_110432_3	00173	22.066	213	212	218	1.89e-06	40.0
k141_57935_2	00111	29.714	175	197	210	4.03e-26	93.2
k141_194632_29	00186	31.408	277	302	388	7.71e-30	109
k141_194632_33	00192	28.025	157	456	186	3.10e-09	49.3
k141_173792_2	00220	25.806	217	700	262	2.06e-07	45.4
k141_99854_5	00212	33.673	98	289	285	1.39e-11	56.6
k141_279174_1	00188	25.373	67	184	272	4.89e-06	38.5
k141_152719_3	00212	26.437	261	277	285	5.96e-14	63.5
k141_152719_6	00212	26.336	262	315	285	4.05e-09	49.3
k141_152719_21	00212	22.000	250	259	285	4.60e-07	42.7
k141_226572_1	00221	42.920	226	349	508	7.84e-47	159
k141_226588_1	00185	47.321	112	340	305	1.30e-27	103
k141_121409_3	00209	46.875	32	74	448	3.45e-06	35.8
k141_290234_1	00173	47.287	129	147	218	7.15e-34	112
k141_300103_2	00173	25.954	131	219	218	3.72e-07	42.0
k141_36642_1	00211	32.444	225	256	337	6.33e-37	126
k141_58018_19	00219	31.579	171	365	446	6.67e-15	68.2
k141_205829_2	00173	25.871	201	221	218	1.37e-06	40.4
k141_79410_2	00212	26.639	244	249	285	3.02e-15	66.6
k141_311459_2	00219	37.705	61	86	446	1.55e-08	42.7
k141_99931_1	00215	26.860	242	260	322	2.03e-16	70.5
k141_184428_2	00223	30.888	259	461	348	2.66e-24	96.7
k141_5287_2	00180	65.263	95	97	541	1.35e-43	141
k141_99963_3	00188	23.552	259	571	272	7.33e-09	49.7
k141_142297_11	00181	28.571	119	317	275	1.29e-11	57.0
k141_16010_1	00304	30.000	120	279	261	1.20e-08	47.4
k141_163141_12	00223	29.719	249	308	348	3.03e-25	96.7
k141_163141_15	00223	33.990	203	266	348	2.04e-26	99.0
k141_26093_2	00220	33.333	132	204	262	2.37e-15	65.5
k141_5307_4	00182	28.966	145	306	277	3.59e-06	40.4
k141_121490_1	00111	23.118	186	205	210	1.02e-06	40.4
k141_16018_4	00188	26.050	238	295	272	3.23e-11	55.5
k141_215806_2	00181	27.004	237	286	275	1.21e-12	59.7
k141_268707_8	00209	35.176	199	287	448	1.39e-25	98.2
k141_247155_4	00187	24.365	197	266	250	1.69e-08	47.0
k141_194767_35	00211	26.877	253	342	337	3.87e-16	71.2
k141_152868_14	00222	30.564	337	365	516	1.21e-31	118
k141_152868_14	00222	36.111	108	365	516	2.27e-16	72.8
k141_152868_17	00223	35.088	114	152	348	1.28e-20	79.3
k141_174020_5	00308	27.338	139	239	437	4.19e-06	39.7
k141_79541_1	00185	32.353	136	289	305	1.68e-10	53.5
k141_89668_37	00215	43.310	284	348	322	1.68e-81	244
k141_89668_63	00212	29.433	282	275	285	6.60e-20	80.1
k141_58174_2	00221	30.814	172	393	508	7.02e-11	56.2
k141_194805_6	00212	23.574	263	287	285	2.23e-07	43.9
k141_45717_2	00212	27.799	259	277	285	1.25e-11	56.6
k141_5463_2	00219	36.129	155	290	446	4.21e-25	97.1
k141_5464_2	00210	33.019	106	230	296	8.24e-07	41.6
k141_163257_2	00185	42.922	219	497	305	6.75e-46	155
k141_184592_9	00223	31.835	267	358	348	3.51e-26	100
k141_36794_5	00212	28.856	201	262	285	2.39e-11	55.5
k141_58190_3	00186	31.673	281	321	388	1.55e-19	81.3
k141_68525_3	00212	27.778	126	302	285	8.96e-13	60.1
k141_206044_2	00307	34.167	120	247	266	6.88e-09	47.8
k141_290531_1	00209	25.962	104	253	448	4.70e-06	39.7
k141_121618_3	00188	25.118	211	680	272	1.58e-06	42.7
k141_36797_10	00183	26.590	173	331	307	7.93e-11	54.7
k141_194875_6	00215	25.547	137	216	322	7.22e-08	44.7
k141_226841_2	00211	29.439	214	286	337	5.42e-21	84.3
k141_121655_3	00185	32.624	141	233	305	1.27e-10	53.1
k141_58235_2	00215	29.469	207	323	322	6.87e-19	79.0
k141_226871_1	00212	32.075	106	247	285	5.57e-07	42.4
k141_121714_2	00220	22.680	194	185	262	9.34e-09	46.6
k141_89805_4	00287	40.157	127	463	417	4.92e-18	78.6
k141_89805_4	00287	36.471	85	463	417	2.13e-09	51.6
k141_142612_2	00212	30.159	126	370	285	5.86e-08	46.2
k141_268920_2	00223	36.957	138	269	348	2.56e-10	52.8
k141_89830_6	00186	48.718	39	427	388	9.27e-07	43.1
k141_226921_1	00185	41.071	112	121	305	3.32e-19	73.9
k141_184775_14	00111	31.944	216	209	210	2.05e-29	102
k141_100305_1	00211	28.638	213	338	337	2.24e-18	77.8
k141_268989_2	00183	24.859	177	319	307	1.37e-07	44.7
k141_237249_2	00215	25.581	301	314	322	5.87e-11	55.1
k141_89902_5	00111	27.928	111	225	210	2.93e-09	48.1
k141_163482_14	00218	33.243	370	610	428	5.26e-46	161
k141_163482_25	00263	59.794	97	443	452	8.16e-31	116
k141_206269_9	00188	31.013	158	291	272	9.11e-15	65.9
k141_174040_15	00212	29.675	246	261	285	6.45e-19	77.0
k141_174040_45	00211	37.631	287	319	337	9.76e-54	172
k141_174040_50	00260	26.842	190	241	405	1.44e-07	44.3
k141_174040_133	00215	28.025	157	288	322	1.16e-12	60.1
k141_174040_170	00252	53.465	101	986	420	1.19e-27	109
k141_174040_172	00252	49.505	101	506	420	4.24e-24	97.4
k141_174040_173	00252	48.000	100	579	420	6.46e-25	100
k141_174040_174	00263	51.807	83	359	452	2.49e-22	90.5
k141_269050_2	00146	31.959	97	438	365	9.50e-06	40.0
k141_121844_2	00187	27.136	199	222	250	2.02e-12	57.8
k141_226965_37	00209	24.681	235	471	448	1.20e-10	55.8
k141_226965_49	00173	46.860	207	227	218	2.96e-52	162
k141_89979_2	00223	33.577	274	446	348	4.45e-37	132
k141_311972_2	00212	29.339	242	255	285	6.01e-18	74.3
k141_68740_5	00220	28.704	216	411	262	3.30e-14	65.1
k141_206324_1	00209	33.333	222	247	448	1.16e-26	100
k141_174112_2	00223	32.443	262	362	348	2.13e-37	131
k141_58451_1	00230	32.114	246	278	339	1.23e-37	129
k141_16366_1	00209	22.977	309	303	448	2.10e-12	59.7
k141_132259_1	00212	26.705	176	267	285	2.64e-08	46.6
k141_163576_6	00212	26.953	256	275	285	2.86e-12	58.5
k141_206347_6	00182	34.171	199	302	277	1.73e-23	90.5
k141_37066_4	00268	78.102	137	532	450	1.38e-69	223
k141_142774_15	00219	30.108	93	282	446	3.83e-08	46.6
k141_247546_1	00209	30.102	196	295	448	2.91e-14	65.5
k141_195120_30	00212	27.451	255	291	285	6.70e-12	57.4
k141_195120_45	00212	29.911	224	326	285	4.64e-10	52.4
k141_216133_1	00212	22.870	223	280	285	5.83e-07	42.4
k141_237374_2	00223	33.906	233	333	348	3.93e-27	102
k141_269172_2	00182	40.964	83	267	277	8.12e-08	45.1
k141_37099_2	00212	37.333	75	146	285	9.12e-07	39.7
k141_37099_3	00212	34.921	63	88	285	9.79e-07	37.7
k141_16401_8	00212	24.380	242	277	285	2.24e-09	49.7
k141_58524_14	00212	27.957	186	301	285	3.44e-10	52.4
k141_174159_14	00188	23.418	158	208	272	4.36e-06	38.9
k141_142861_1	00144	33.846	65	185	364	7.07e-07	41.2
k141_163669_7	00267	32.278	158	290	398	3.14e-07	43.9
k141_153205_28	00211	37.879	264	336	337	1.83e-53	172
k141_153205_30	00215	26.897	145	451	322	2.44e-07	45.1
k141_37204_1	00186	46.667	45	358	388	4.91e-06	40.4
k141_153259_4	00211	39.189	74	113	337	7.41e-09	44.7
k141_122020_2	00212	25.000	172	176	285	4.23e-06	38.5
k141_237522_1	00192	29.221	154	575	186	7.74e-11	54.3
k141_279773_2	00221	39.035	228	505	508	4.20e-40	144
k141_142939_2	00182	32.558	86	262	277	5.56e-06	39.3
k141_132414_1	00212	29.787	94	288	285	2.46e-07	43.5
k141_79999_6	00250	75.000	24	388	445	1.95e-06	42.0
k141_68923_4	00222	26.971	482	521	516	3.62e-17	76.6
k141_237552_1	00188	35.714	112	372	272	5.63e-15	67.4
k141_16534_7	00211	25.652	230	300	337	1.82e-06	41.2
k141_122067_10	00189	39.655	58	297	248	6.46e-07	42.4
k141_37205_9	00211	35.849	212	321	337	8.33e-33	117
k141_291026_1	00220	24.537	216	645	262	4.29e-13	62.8
k141_312178_10	00145	28.571	91	284	366	5.23e-08	45.8
k141_185236_5	00211	30.380	237	336	337	1.36e-30	112
k141_16644_1	00210	29.032	124	236	296	1.05e-07	44.3
k141_132561_1	00178	37.037	54	55	216	5.34e-09	42.7
k141_195333_2	00209	25.740	439	466	448	9.68e-22	90.1
k141_279877_13	00218	23.427	286	326	428	2.76e-08	47.4
k141_195348_5	00223	33.700	273	274	348	4.71e-34	119
k141_6074_2	00306	31.008	129	239	259	1.42e-07	43.9
k141_69049_30	00215	23.567	314	295	322	4.07e-11	55.5
k141_195375_8	00180	50.738	542	589	541	0.0	562
k141_185304_1	00209	27.946	297	292	448	4.36e-21	85.5
k141_269398_2	00221	37.952	498	541	508	1.40e-91	283
k141_174442_1	00220	26.056	142	380	262	5.09e-06	40.0
k141_163915_2	00211	26.496	117	241	337	4.23e-12	57.8
k141_16786_1	00189	34.756	164	181	248	1.27e-23	87.0
k141_227204_28	00215	25.182	274	316	322	2.93e-09	50.1
k141_227204_29	00215	26.316	114	341	322	5.01e-06	40.0
k141_279996_2	00185	41.989	181	404	305	4.98e-33	119
k141_280015_2	00187	22.835	254	274	250	6.99e-09	48.1
k141_227213_3	00188	25.000	76	100	272	9.38e-10	47.0
k141_312405_1	00268	73.723	137	195	450	6.63e-68	207
k141_312405_1	00268	61.538	39	195	450	6.93e-11	53.1
k141_69153_2	00188	24.757	206	202	272	9.28e-11	52.8
k141_16849_2	00209	23.841	453	454	448	1.50e-21	89.4
k141_206699_3	00187	27.350	117	142	250	1.25e-07	42.0
k141_174526_1	00192	28.986	69	115	186	1.01e-07	41.2
k141_164047_3	00185	30.222	225	300	305	5.51e-14	63.9
k141_269433_3	00196	32.710	107	227	401	1.96e-06	40.4
k141_269433_28	00220	29.680	219	567	262	6.71e-16	70.9
k141_46271_38	00215	23.970	267	287	322	6.33e-08	45.8
k141_195543_6	00223	30.496	141	398	348	3.30e-11	56.6
k141_280082_7	00187	27.638	199	265	250	4.89e-08	45.4
k141_164062_1	00186	44.186	43	327	388	3.97e-08	47.0
k141_269459_1	00287	33.858	127	691	417	9.30e-14	66.2
k141_312470_1	00212	28.272	191	203	285	3.91e-08	45.1
k141_206709_17	00220	26.378	254	684	262	8.23e-16	70.9
k141_122360_11	00188	24.167	240	646	272	1.17e-08	49.3
k141_16914_3	00178	27.928	222	276	216	9.33e-07	41.6
k141_280101_5	00181	25.403	248	405	275	1.94e-09	50.8
k141_237762_13	00173	46.047	215	230	218	7.86e-59	179
k141_143265_2	00220	26.786	224	251	262	2.43e-09	49.3
k141_247999_3	00268	37.838	185	484	450	1.75e-23	95.5
k141_247999_3	00268	46.341	41	484	450	6.19e-06	40.8
k141_247999_5	00252	44.554	101	279	420	2.11e-23	91.7
k141_37614_14	00212	22.887	284	288	285	8.63e-09	48.1
k141_27090_1	00220	27.869	183	714	262	8.21e-07	43.9
k141_27090_1	00220	25.000	196	714	262	1.55e-06	42.7
k141_122394_19	00211	36.323	223	312	337	2.46e-41	140
k141_46347_2	00180	32.317	164	556	541	5.71e-14	67.0
k141_80400_6	00267	31.707	287	291	398	6.09e-21	84.7
k141_216629_1	00222	31.661	319	297	516	7.32e-25	97.1
k141_206788_1	00189	40.816	147	300	248	2.35e-23	89.7
k141_111554_5	00189	36.145	83	83	248	2.47e-08	42.0
k141_206797_4	00219	31.429	175	253	446	4.66e-17	72.8
k141_153613_1	00223	30.483	269	445	348	1.84e-25	99.8
k141_37639_12	00223	31.538	260	358	348	1.71e-28	107
k141_37639_13	00223	31.868	273	491	348	4.82e-37	132
k141_37639_27	00244	44.248	113	508	451	5.44e-21	88.2
k141_37639_28	00244	44.144	111	663	451	2.55e-22	93.2
k141_69264_21	00186	34.559	272	315	388	5.12e-37	129
k141_69264_70	00228	76.245	261	292	263	5.70e-152	419
k141_312585_2	00211	28.745	247	306	337	5.13e-28	104
k141_206811_2	00188	28.358	67	89	272	2.59e-06	36.6
k141_164120_13	00173	22.857	210	211	218	7.94e-06	38.1
k141_164120_16	00209	28.384	458	457	448	7.01e-36	131
k141_164120_36	00212	24.710	259	279	285	1.10e-12	59.7
k141_300890_2	00173	26.263	198	239	218	8.24e-10	50.1
k141_216665_1	00221	28.125	320	324	508	1.71e-26	102
k141_90654_1	00231	29.752	121	383	288	1.60e-10	54.3
k141_312631_1	00188	22.628	137	146	272	4.67e-07	40.4
k141_143343_2	00212	19.368	253	276	285	9.37e-09	47.8
k141_59131_3	00307	24.000	150	307	266	1.30e-06	41.6
k141_185643_1	00266	50.515	97	112	402	1.41e-26	94.7
k141_280175_10	00186	28.364	275	264	388	3.06e-16	70.5
k141_300971_5	00173	42.714	199	231	218	1.40e-44	142
k141_46490_1	00211	37.168	113	135	337	1.14e-21	81.6
k141_195793_20	00188	22.134	253	281	272	1.11e-08	47.8
k141_206893_2	00181	31.746	126	301	275	2.05e-11	56.2
k141_69376_16	00263	37.755	98	556	452	8.37e-14	66.2
k141_164151_6	00223	36.047	258	855	348	7.05e-34	126
k141_291512_18	00186	47.727	44	483	388	8.62e-06	40.4
k141_195838_1	00224	30.612	147	250	304	1.56e-07	43.9
k141_216795_4	00223	23.132	281	392	348	3.60e-11	56.6
k141_301038_8	00220	28.030	132	400	262	5.33e-07	43.1
k141_100936_25	00219	29.665	209	237	446	5.35e-15	66.2
k141_100936_51	00219	27.586	261	325	446	1.76e-24	96.3
k141_132762_91	00223	30.147	272	918	348	1.99e-29	113
k141_153806_2	00211	26.786	112	146	337	1.10e-10	51.2
k141_260147_14	00211	25.106	235	294	337	5.53e-13	61.2
k141_248163_2	00222	40.000	105	259	516	3.29e-14	64.7
k141_59207_28	00279	35.185	108	133	443	1.33e-06	39.3
k141_111807_2	00219	26.582	79	291	446	1.36e-06	42.0
k141_291637_2	00181	39.823	113	123	275	8.82e-22	80.5
k141_260194_3	00219	30.769	91	216	446	5.34e-13	60.1
k141_111835_2	00223	28.881	277	373	348	4.30e-22	89.0
k141_301155_1	00191	27.976	168	226	240	3.15e-12	57.0
k141_132866_4	00212	32.143	84	271	285	3.15e-06	40.0
k141_260216_13	00212	24.180	244	269	285	2.09e-13	61.6
k141_46647_2	00188	30.841	107	269	272	2.99e-06	40.0
k141_17218_1	00212	32.787	61	162	285	6.62e-06	37.7
k141_291682_1	00259	85.714	49	389	450	2.86e-23	94.0
k141_291682_1	00259	50.877	57	389	450	7.03e-12	59.3
k141_291682_1	00259	55.000	40	389	450	1.42e-09	52.0
k141_291682_2	00268	33.803	142	951	450	1.87e-07	47.0
k141_195942_1	00215	28.514	249	327	322	1.43e-18	77.8
k141_238070_39	00211	30.303	231	321	337	1.15e-30	111
k141_238070_40	00189	33.813	139	403	248	1.80e-09	50.8
k141_185831_2	00173	26.389	144	418	218	1.34e-08	47.8
k141_185831_5	00147	42.802	257	399	365	5.65e-64	202
k141_280316_88	00212	36.111	72	449	285	1.96e-07	45.1
k141_185837_4	00215	25.112	223	260	322	4.86e-11	54.7
k141_27550_19	00220	33.333	132	279	262	6.10e-11	54.3
k141_80797_1	00220	28.030	132	353	262	2.14e-06	41.2
k141_80826_3	00219	29.839	124	233	446	7.43e-14	62.8
k141_6494_5	00324	57.895	95	374	442	1.17e-28	108
k141_227761_4	00252	32.258	93	207	420	5.64e-09	47.8
k141_174933_12	00182	26.027	219	294	277	5.21e-08	45.8
k141_69681_45	00212	26.749	243	257	285	2.50e-16	69.7
k141_260298_6	00173	26.699	206	226	218	3.50e-12	56.6
k141_6508_1	00187	29.386	228	301	250	1.91e-10	53.1
k141_269955_4	00182	33.636	110	363	277	4.43e-06	40.4
k141_248330_2	00211	31.000	200	218	337	9.86e-24	90.1
k141_207202_2	00210	43.103	58	253	296	2.81e-07	43.1
k141_248360_1	00221	32.596	497	526	508	4.83e-60	199
k141_154112_3	00187	23.611	216	251	250	6.10e-07	42.0
k141_122962_3	00185	33.333	132	314	305	9.56e-13	60.5
k141_122962_6	00185	33.163	196	292	305	1.06e-12	60.1
k141_207205_10	00324	45.361	97	461	442	2.36e-19	82.8
k141_143742_9	00186	41.573	89	395	388	3.02e-11	57.0
k141_6642_1	00322	46.809	47	93	418	3.29e-10	48.1
k141_6642_1	00322	42.857	42	93	418	3.47e-06	36.6
k141_217149_1	00211	32.090	134	134	337	6.67e-17	68.6
k141_291838_1	00173	28.402	169	330	218	4.76e-10	51.6
k141_46838_2	00222	32.618	466	497	516	1.13e-44	157
k141_133004_4	00209	25.571	219	474	448	1.68e-11	58.5
k141_69799_9	00212	26.087	207	259	285	1.46e-08	47.0
k141_313220_2	00219	26.457	223	236	446	2.07e-16	70.5
k141_38325_15	00188	24.878	205	660	272	4.62e-08	47.4
k141_260497_8	00180	31.081	74	149	541	5.35e-09	46.6
k141_38331_3	00188	30.612	98	125	272	1.67e-10	49.7
k141_238233_13	00188	29.747	158	291	272	7.87e-14	63.2
k141_238233_14	00188	26.857	175	281	272	7.31e-08	45.1
k141_238236_5	00211	39.114	271	314	337	4.04e-54	173
k141_217206_6	00228	24.468	188	261	263	6.59e-06	38.9
k141_270154_6	00211	27.465	142	339	337	2.05e-12	60.1
k141_81081_4	00178	40.741	189	277	216	3.58e-42	137
k141_133077_10	00223	31.579	114	370	348	6.65e-09	49.3
k141_59531_1	00215	24.390	205	1013	322	1.47e-07	47.0
k141_59531_58	00189	32.432	111	329	248	3.55e-10	52.4
k141_260559_11	00220	30.882	68	159	262	9.36e-06	37.0
k141_69892_1	00212	22.747	233	234	285	1.82e-08	46.6
k141_6833_2	00173	28.261	138	300	218	5.37e-13	60.1
k141_186147_2	00189	30.519	154	233	248	1.52e-09	49.7
k141_81173_1	00181	29.213	89	122	275	1.19e-10	50.1
k141_207354_1	00212	25.616	203	216	285	7.48e-10	50.4
k141_59606_2	00187	30.818	159	329	250	8.20e-10	51.2
k141_112341_1	00188	23.429	175	192	272	1.90e-08	45.8
k141_17654_7	00222	24.618	589	532	516	1.40e-18	81.3
k141_91231_4	00209	36.893	206	227	448	5.03e-23	89.4
k141_260676_1	00212	40.000	60	115	285	2.70e-08	43.1
k141_38523_1	00209	30.688	189	238	448	6.80e-11	54.3
k141_270338_4	00244	44.643	112	356	451	4.59e-27	104
k141_164655_7	00173	25.962	208	207	218	1.14e-12	57.8
k141_196436_8	00186	49.091	55	209	388	3.60e-06	39.3
k141_143912_110	00187	27.572	243	665	250	4.24e-09	50.4
k141_217401_13	00223	31.939	263	877	348	1.07e-31	120
k141_260728_7	00212	31.132	106	305	285	1.06e-06	42.0
k141_123277_5	00212	25.000	232	506	285	1.84e-06	42.4
k141_196495_2	00209	29.741	464	449	448	1.12e-47	163
k141_123295_3	00185	35.461	141	300	305	1.43e-13	62.8
k141_301850_2	00209	29.158	463	471	448	1.85e-42	149
k141_133236_5	00324	63.542	96	444	442	3.91e-34	125
k141_28086_2	00185	39.316	117	361	305	3.99e-17	73.9
k141_28089_2	00211	26.104	249	309	337	8.29e-25	95.5
k141_217484_1	00211	26.050	119	194	337	1.98e-06	40.0
k141_186242_33	00180	32.222	90	641	541	7.76e-07	44.3
k141_260849_1	00215	23.602	161	164	322	4.65e-06	38.1
k141_207507_1	00187	37.037	108	461	250	1.24e-07	45.4
k141_301921_1	00209	39.048	105	98	448	2.75e-17	68.2
k141_101656_1	00186	34.615	104	351	388	4.04e-10	53.1
k141_7062_2	00212	26.033	242	252	285	1.23e-15	67.8
k141_280827_2	00312	31.937	191	304	284	7.83e-15	66.2
k141_91349_18	00220	29.435	248	830	262	2.54e-15	69.7
k141_238546_6	00182	37.410	139	211	277	2.16e-27	98.6
k141_7072_5	00221	29.927	137	405	508	1.47e-11	58.5
k141_270464_10	00223	28.094	299	405	348	2.02e-24	96.3
k141_270464_19	00255	24.180	244	296	295	1.25e-07	44.7
k141_260897_5	00212	20.962	291	311	285	1.65e-08	47.4
k141_260897_18	00188	22.984	248	700	272	4.17e-10	53.9
k141_70108_3	00188	30.631	111	154	272	2.30e-10	50.4
k141_28182_1	00173	25.728	206	215	218	3.95e-11	53.5
k141_302003_1	00228	31.410	156	349	263	5.09e-09	49.3
k141_101764_1	00178	47.273	110	151	216	5.50e-27	94.4
k141_112529_6	00187	30.435	115	276	250	2.40e-08	46.6
k141_112529_7	00220	31.746	126	293	262	3.25e-12	58.2
k141_59837_2	00209	39.583	48	75	448	1.23e-07	40.0
k141_186386_1	00186	43.137	51	474	388	6.81e-07	43.9
k141_70212_1	00215	38.525	122	121	322	2.69e-21	79.7
k141_17986_4	00252	43.564	101	715	420	4.67e-20	85.9
k141_154680_1	00188	29.032	186	253	272	2.37e-11	55.5
k141_81613_3	00185	49.057	53	78	305	1.40e-14	59.3
k141_175659_8	00180	40.342	585	613	541	2.49e-152	443
k141_302135_2	00182	28.261	276	297	277	7.47e-31	110
k141_292405_12	00212	25.869	259	271	285	8.68e-10	50.8
k141_112559_1	00220	23.661	224	466	262	8.19e-09	49.3
k141_270651_3	00111	30.769	117	205	210	5.16e-16	66.6
k141_302151_5	00185	48.889	135	431	305	1.42e-35	126
k141_101902_1	00145	25.410	122	1058	366	2.58e-07	46.6
k141_292422_6	00211	40.455	220	362	337	3.07e-47	157
k141_165053_1	00189	42.574	101	316	248	7.15e-14	63.2
k141_59968_3	00211	35.849	265	311	337	1.44e-49	161
k141_186519_4	00187	36.508	126	284	250	9.74e-08	44.7
k141_196782_1	00212	30.159	252	291	285	2.12e-16	70.5
k141_249003_7	00220	25.837	209	703	262	2.26e-08	48.5
k141_91651_1	00210	28.571	91	329	296	6.88e-06	39.7
k141_292511_1	00266	53.535	99	237	402	1.47e-27	102
k141_144395_3	00219	22.951	122	269	446	5.88e-06	39.7
k141_91669_47	00212	29.565	230	278	285	7.41e-13	60.1
k141_101981_73	00211	24.153	236	285	337	5.82e-10	52.0
k141_270761_6	00187	33.613	119	238	250	1.66e-08	46.6
k141_238887_2	00212	28.889	225	285	285	8.32e-11	54.3
k141_292553_1	00220	26.877	253	373	262	6.47e-15	67.0
k141_228672_13	00185	47.964	221	503	305	1.21e-54	179
k141_228672_15	00181	23.923	209	350	275	2.20e-06	41.2
k141_207810_1	00209	28.827	392	381	448	7.47e-23	92.4
k141_144513_2	00178	47.059	68	73	216	6.60e-14	56.6
k141_144524_1	00223	27.240	279	468	348	2.20e-22	90.9
k141_38987_11	00189	32.609	230	303	248	3.40e-24	92.0
k141_207813_32	00182	33.333	216	325	277	4.40e-24	92.8
k141_70538_2	00209	23.333	450	465	448	3.73e-17	76.3
k141_207817_1	00233	50.000	44	97	298	3.87e-11	50.8
k141_7411_6	00192	24.138	145	321	186	3.19e-08	45.8
k141_197034_1	00219	26.316	190	312	446	8.20e-13	61.2
k141_7433_1	00212	35.938	64	144	285	3.56e-07	40.8
k141_249099_1	00220	21.973	223	284	262	1.76e-10	53.1
k141_91812_14	00173	39.706	204	225	218	4.03e-50	156
k141_228797_4	00180	42.400	125	329	541	1.23e-27	105
k141_228797_4	00180	39.000	100	329	541	9.14e-13	61.6
k141_7440_13	00212	26.496	234	305	285	1.57e-11	56.6
k141_7440_16	00186	41.791	67	554	388	2.76e-06	42.0
k141_217954_2	00188	26.415	212	203	272	5.49e-08	44.7
k141_207896_2	00212	25.301	249	228	285	6.53e-08	44.7
k141_102187_3	00212	24.324	222	278	285	6.61e-11	54.3
k141_102187_4	00178	36.041	197	258	216	6.34e-35	118
k141_239081_2	00211	36.437	247	350	337	8.28e-50	163
k141_144670_2	00236	25.157	159	153	299	3.56e-06	38.1
k141_292770_2	00218	32.095	377	685	428	3.63e-39	143
k141_60307_2	00233	36.232	69	202	298	7.33e-06	38.1
k141_292785_1	00262	72.222	54	55	415	1.31e-19	72.8
k141_47731_1	00212	28.185	259	277	285	3.58e-11	55.1
k141_176134_6	00211	32.273	220	247	337	1.48e-28	103
k141_112933_19	00223	25.090	279	359	348	1.79e-16	72.4
k141_112933_23	00223	59.011	283	345	348	5.64e-125	356
k141_124001_1	00211	27.556	225	347	337	3.96e-13	62.0
k141_28613_6	00189	29.167	144	663	248	1.05e-06	43.1
k141_249204_11	00221	27.569	399	404	508	5.90e-26	102
k141_7512_2	00185	50.446	224	461	305	2.06e-59	191
k141_144714_6	00209	21.727	359	367	448	9.81e-14	64.7
k141_7517_2	00178	35.321	218	229	216	1.59e-26	95.5
k141_7517_3	00178	35.833	120	113	216	2.74e-10	48.5
k141_124062_4	00188	26.950	141	203	272	3.18e-06	39.3
k141_18566_12	00187	33.133	166	278	250	3.02e-09	49.3
k141_292852_2	00223	26.740	273	461	348	7.83e-20	83.2
k141_292857_1	00186	43.860	57	462	388	5.49e-09	50.4
k141_186938_5	00180	29.060	117	665	541	7.64e-06	41.2
k141_208071_34	00188	25.893	224	214	272	3.50e-09	48.1
k141_218128_2	00186	31.541	279	312	388	2.96e-27	103
k141_7584_4	00188	26.545	275	354	272	3.17e-13	62.0
k141_261597_2	00186	56.757	37	366	388	1.40e-06	42.4
k141_144805_2	00219	29.341	167	247	446	4.72e-11	55.1
k141_144806_1	00293	65.385	26	27	339	2.63e-10	45.1
k141_144806_3	00262	46.067	89	677	415	5.94e-22	91.7
k141_292874_8	00181	26.446	242	286	275	5.97e-17	72.0
k141_144818_1	00268	55.000	60	374	450	7.69e-17	74.3
k141_144818_1	00268	44.444	36	374	450	2.78e-06	41.6
k141_47870_1	00215	24.519	208	1015	322	3.01e-08	49.3
k141_47870_8	00212	30.303	99	318	285	1.85e-09	50.4
k141_47870_17	00189	33.333	111	329	248	1.25e-09	50.8
k141_218197_4	00242	27.206	136	154	310	8.51e-06	37.4
k141_70939_1	00178	37.600	125	122	216	2.46e-24	86.3
k141_18636_11	00211	32.857	280	336	337	2.26e-36	127
k141_144846_1	00268	60.294	68	71	450	4.74e-24	86.3
k141_144846_1	00268	48.438	64	71	450	2.19e-13	55.8
k141_144846_1	00268	61.538	39	71	450	8.00e-10	45.8
k141_144846_2	00215	32.828	198	369	322	3.06e-21	86.3
k141_249374_4	00212	25.688	218	398	285	1.39e-10	54.3
k141_281358_6	00185	32.456	114	379	305	7.54e-10	52.4
k141_271021_21	00173	26.633	199	266	218	5.36e-09	48.1
k141_165672_4	00212	25.185	135	299	285	2.02e-06	40.8
k141_92163_4	00186	46.296	54	380	388	1.64e-07	45.4
k141_313836_1	00215	28.713	202	515	322	7.84e-09	49.7
k141_187066_10	00221	28.383	532	574	508	3.06e-47	166
k141_218273_2	00145	32.258	62	211	366	5.83e-07	42.0
k141_71035_11	00223	31.527	203	405	348	1.54e-21	87.8
k141_134052_2	00219	30.392	204	295	446	8.69e-24	93.6
k141_39377_5	00188	20.248	242	233	272	3.08e-09	48.9
k141_292881_30	00188	27.673	159	309	272	1.88e-10	53.1
k141_18769_2	00219	28.070	114	303	446	1.65e-06	41.6
k141_124320_12	00187	30.653	199	369	250	3.70e-18	76.3
k141_124320_26	00212	25.837	209	266	285	2.82e-12	58.2
k141_281416_5	00190	28.662	157	280	219	9.00e-10	50.4
k141_71056_1	00211	29.130	230	328	337	7.33e-31	112
k141_71056_20	00219	30.675	163	473	446	8.07e-15	68.9
k141_71068_4	00212	25.871	201	294	285	2.09e-09	50.1
k141_271075_12	00220	28.814	118	417	262	2.70e-07	44.3
k141_271105_3	00220	27.481	262	648	262	1.12e-12	61.6
k141_261708_83	00212	23.387	248	264	285	2.28e-12	58.5
k141_261708_137	00188	24.151	265	282	272	1.87e-08	47.0
k141_102711_23	00185	43.243	222	579	305	6.72e-47	160
k141_218356_1	00211	49.191	309	339	337	3.22e-105	305
k141_229237_1	00189	34.559	136	211	248	1.26e-13	60.8
k141_249430_45	00173	29.648	199	227	218	1.91e-11	54.7
k141_113251_7	00212	29.258	229	273	285	8.27e-09	48.1
k141_208368_4	00212	28.223	287	306	285	4.05e-12	58.2
k141_229283_11	00188	23.622	254	833	272	3.42e-07	45.1
k141_249483_3	00212	36.567	268	280	285	7.18e-51	162
k141_302862_1	00211	25.614	285	329	337	1.74e-23	92.0
k141_113256_2	00220	29.861	144	344	262	1.01e-09	51.2
k141_165798_3	00188	28.462	260	220	272	1.36e-10	52.4
k141_302876_5	00219	27.717	184	220	446	7.26e-11	53.9
k141_82520_14	00188	27.536	207	276	272	3.94e-12	57.8
k141_60704_1	00268	62.121	66	381	450	2.30e-19	82.0
k141_60704_1	00268	56.410	39	381	450	1.11e-10	55.5
k141_197673_2	00173	24.865	185	216	218	9.21e-08	43.9
k141_124515_2	00186	54.348	46	435	388	5.98e-09	50.1
k141_113285_2	00212	22.222	243	268	285	3.93e-07	42.7
k141_271152_69	00219	31.818	132	252	446	3.30e-18	76.3
k141_176583_3	00180	37.240	529	758	541	6.95e-88	280
k141_155502_5	00204	29.688	128	307	271	1.14e-07	44.7
k141_124563_2	00212	25.524	286	283	285	1.76e-13	62.0
k141_145246_1	00223	31.076	251	330	348	3.56e-28	105
k141_208497_6	00188	22.433	263	620	272	6.60e-10	53.1
k141_19013_2	00221	28.235	170	252	508	9.13e-07	42.0
k141_71227_1	00191	24.219	128	184	240	1.52e-08	45.8
k141_7968_8	00234	66.782	289	293	280	1.87e-122	345
k141_229444_1	00212	30.392	102	287	285	6.34e-09	48.5
k141_134336_3	00211	38.750	160	153	337	4.05e-23	86.3
k141_239799_2	00220	28.125	160	287	262	4.08e-06	40.0
k141_197796_2	00319	28.358	134	265	307	3.02e-07	43.1
k141_71229_21	00182	25.688	218	276	277	1.03e-07	44.7
k141_271171_66	00211	52.716	313	328	337	1.30e-115	331
k141_271171_68	00222	36.264	91	400	516	2.83e-06	41.6
k141_271173_2	00212	29.000	100	156	285	5.03e-07	40.8
k141_113396_1	00219	30.709	127	380	446	2.24e-11	57.4
k141_261981_4	00212	26.857	175	277	285	3.69e-06	40.0
k141_39699_3	00181	36.431	269	280	275	1.98e-37	127
k141_166038_7	00221	36.694	248	504	508	3.63e-42	150
k141_134386_1	00192	25.424	177	621	186	2.77e-09	50.1
k141_239842_16	00221	35.537	121	418	508	1.00e-10	55.8
k141_155656_2	00188	29.412	102	383	272	1.33e-12	60.5
k141_314151_3	00211	29.952	207	298	337	2.41e-23	91.3
k141_134440_4	00212	37.705	61	72	285	7.50e-07	37.4
k141_124628_63	00180	44.297	526	571	541	4.67e-155	449
k141_82776_2	00186	55.882	34	421	388	2.07e-06	42.0
k141_303004_31	00219	26.471	68	283	446	4.02e-06	40.4
k141_271252_5	00212	30.114	176	320	285	1.03e-11	57.4
k141_176664_33	00180	23.443	546	565	541	3.56e-17	77.0
k141_229661_2	00211	38.951	267	328	337	1.33e-52	170
k141_271299_2	00186	23.985	271	293	388	1.57e-06	41.6
k141_8158_1	00219	28.571	126	254	446	4.17e-09	49.3
k141_187490_3	00187	24.390	246	243	250	2.29e-07	43.1
k141_314215_7	00231	29.412	187	313	288	5.50e-08	45.8
k141_8177_1	00189	33.557	149	301	248	3.45e-12	58.2
k141_293272_11	00185	40.206	97	377	305	3.22e-14	65.5
k141_61033_1	00188	23.843	281	316	272	7.24e-13	60.5
k141_240012_8	00209	22.709	251	455	448	4.03e-07	44.7
k141_293304_4	00178	41.026	195	264	216	1.38e-40	133
k141_61121_1	00181	32.381	105	137	275	5.04e-12	54.7
k141_19326_15	00219	24.490	196	306	446	2.80e-09	50.4
k141_19326_40	00219	33.333	81	304	446	2.96e-10	53.1
k141_19326_41	00219	22.500	200	380	446	3.48e-08	47.4
k141_8290_1	00186	40.000	65	223	388	5.26e-09	48.1
k141_166374_5	00212	27.734	256	279	285	2.84e-11	55.5
k141_124876_8	00186	43.939	66	396	388	2.43e-06	41.6
k141_218831_2	00212	31.776	107	242	285	3.29e-06	39.7
k141_82970_2	00212	28.485	165	335	285	3.06e-06	40.8
k141_124892_6	00210	29.060	117	318	296	3.26e-06	40.4
k141_249944_2	00244	32.051	156	246	451	7.54e-06	38.9
k141_19404_2	00185	30.496	141	330	305	1.43e-08	47.8
k141_155935_3	00223	31.250	128	363	348	1.28e-11	57.8
k141_19405_2	00191	30.469	128	362	240	4.33e-09	49.3
k141_198142_3	00212	32.143	56	95	285	3.97e-06	36.2
k141_71553_28	00105	25.862	174	444	304	1.53e-07	45.4
k141_48483_71	00211	23.729	236	285	337	1.67e-09	50.4
k141_40079_1	00221	29.050	179	245	508	2.41e-07	43.5
k141_92944_1	00181	29.730	111	331	275	7.30e-12	57.8
k141_40098_2	00188	22.594	239	594	272	5.84e-07	43.9
k141_250034_2	00223	30.657	274	616	348	4.12e-28	108
k141_187809_7	00223	27.917	240	332	348	7.24e-15	67.4
k141_19466_8	00212	26.695	236	291	285	3.16e-15	67.4
k141_103648_1	00221	28.272	191	204	508	5.78e-16	68.6
k141_61315_5	00212	23.922	255	301	285	2.97e-13	61.6
k141_176992_7	00188	22.951	244	667	272	2.14e-08	48.5
k141_93111_16	00212	36.842	95	408	285	2.67e-12	59.7
k141_29596_1	00287	32.283	127	509	417	1.05e-11	59.3
k141_134923_3	00222	34.058	138	381	516	1.50e-11	58.2
k141_156039_2	00215	24.823	141	654	322	4.81e-08	47.8
k141_262530_10	00223	30.293	307	670	348	2.56e-32	121
k141_71763_4	00178	41.706	211	220	216	3.10e-40	130
k141_8594_1	00215	28.070	114	139	322	2.95e-08	43.9
k141_71772_2	00211	33.579	271	320	337	1.12e-41	141
k141_156041_4	00185	46.503	286	548	305	7.23e-73	228
k141_125183_6	00185	33.621	116	303	305	4.36e-13	61.2
k141_314509_4	00180	35.252	139	479	541	7.84e-22	90.9
k141_314509_4	00180	30.841	107	479	541	2.52e-09	52.0
k141_209174_4	00209	28.846	468	473	448	3.01e-37	135
k141_71829_1	00212	33.010	103	254	285	2.13e-08	46.6
k141_303430_7	00211	37.269	271	304	337	6.18e-49	159
k141_93241_1	00211	37.102	283	305	337	7.69e-58	182
k141_8655_2	00211	32.701	211	234	337	1.05e-24	93.2
k141_293708_1	00247	24.479	192	198	295	5.91e-07	41.6
k141_134928_13	00212	25.912	274	292	285	1.65e-12	59.3
k141_303449_4	00188	28.696	115	617	272	7.94e-06	40.4
k141_209206_1	00211	38.194	144	142	337	5.21e-21	80.1
k141_187921_2	00212	26.641	259	265	285	7.24e-14	62.8
k141_134955_2	00223	27.778	288	489	348	3.57e-19	81.6
k141_262624_5	00220	26.236	263	385	262	9.33e-10	51.6
k141_93251_35	00111	39.474	190	198	210	1.93e-43	138
k141_250275_2	00212	24.390	287	289	285	6.35e-08	45.4
k141_48779_2	00219	29.670	182	241	446	1.27e-17	74.3
k141_314663_4	00189	31.818	88	206	248	8.48e-06	38.1
k141_177188_2	00178	40.930	215	231	216	1.03e-43	140
k141_262654_7	00219	26.744	86	274	446	3.44e-06	40.4
k141_303565_3	00192	41.667	48	220	186	2.22e-07	42.4
k141_125382_1	00212	35.714	70	251	285	1.38e-09	50.1
k141_125382_2	00181	29.070	86	452	275	2.28e-07	44.7
k141_19747_17	00215	29.469	207	329	322	2.52e-18	77.4
k141_314711_2	00180	24.818	274	331	541	1.04e-15	70.5
k141_103896_25	00211	28.788	132	423	337	1.18e-11	58.2
k141_219053_56	00212	27.200	250	287	285	1.20e-10	53.5
k141_40406_1	00180	41.228	114	186	541	3.03e-23	89.0
k141_303632_2	00185	55.556	63	354	305	3.30e-18	77.0
k141_71877_10	00220	20.155	258	703	262	8.85e-11	55.8
k141_71877_11	00212	32.292	96	284	285	2.70e-10	52.8
k141_48871_1	00220	26.950	141	239	262	1.38e-09	49.7
k141_146107_6	00145	34.426	61	437	366	3.52e-06	41.2
k141_156253_1	00219	28.037	214	295	446	3.13e-22	89.0
k141_125408_3	00185	37.190	121	291	305	3.30e-12	58.5
k141_293890_1	00182	31.707	82	131	277	2.38e-06	38.1
k141_93413_3	00280	27.717	184	379	427	2.61e-07	44.7
k141_114039_6	00212	26.562	256	302	285	2.21e-07	43.9
k141_303662_2	00182	29.918	244	284	277	5.22e-33	115
k141_156290_1	00211	50.704	71	129	337	5.76e-18	71.2
k141_61597_1	00222	33.333	93	254	516	3.23e-10	52.8
k141_135118_1	00209	31.111	135	250	448	3.53e-07	43.1
k141_188149_4	00188	27.419	62	73	272	7.73e-06	34.7
k141_114071_1	00190	24.631	203	314	219	1.55e-07	43.9
k141_83603_2	00178	27.907	129	138	216	2.69e-11	52.0
k141_230344_1	00188	25.547	274	406	272	1.31e-07	45.1
k141_230349_3	00188	21.673	263	659	272	3.32e-11	57.0
k141_125468_2	00261	33.594	128	488	475	9.02e-13	62.8
k141_125468_2	00261	37.363	91	488	475	5.08e-06	41.2
k141_19874_2	00181	37.069	116	269	275	2.38e-11	55.5
k141_114134_1	00212	33.333	78	263	285	8.54e-08	44.7
k141_314898_18	00212	26.364	220	720	285	1.92e-06	42.7
k141_240785_23	00212	24.364	275	369	285	1.93e-07	44.7
k141_156375_9	00222	22.581	589	535	516	6.86e-16	72.8
k141_272037_4	00186	34.328	67	229	388	7.85e-06	38.9
k141_71980_6	00185	50.943	212	551	305	1.40e-58	191
k141_49031_6	00187	32.323	198	278	250	9.92e-15	65.1
k141_135264_1	00254	59.551	89	124	425	8.55e-27	95.9
k141_250514_3	00191	24.242	198	335	240	8.29e-14	63.2
k141_250521_4	00212	36.170	94	201	285	2.75e-12	57.0
k141_93651_1	00209	28.571	182	253	448	6.70e-16	69.3
k141_72015_21	00219	31.008	129	200	446	4.40e-16	68.6
k141_167030_1	00220	28.049	164	349	262	4.17e-06	40.4
k141_282682_1	00188	23.963	217	222	272	1.66e-08	46.6
k141_72018_10	00219	27.368	190	292	446	1.98e-12	59.7
k141_230478_2	00223	35.678	199	339	348	3.77e-30	110
k141_146358_3	00307	45.763	59	432	266	3.73e-06	40.8
k141_262958_2	00262	47.059	102	490	415	1.53e-22	92.4
k141_125658_2	00220	25.620	242	654	262	2.84e-07	45.1
k141_230562_1	00220	23.077	273	395	262	8.18e-10	52.0
k141_20106_2	00178	34.579	214	221	216	8.32e-36	119
k141_272240_2	00187	27.778	144	188	250	1.95e-08	45.4
k141_177541_6	00212	31.541	279	482	285	3.35e-20	83.6
k141_114344_1	00212	25.523	239	423	285	1.75e-09	51.2
k141_219448_14	00181	34.058	276	277	275	1.38e-36	124
k141_40730_9	00188	31.250	128	367	272	1.81e-10	53.9
k141_30124_69	00209	24.094	469	469	448	4.27e-13	63.5
k141_30124_75	00209	32.065	184	486	448	5.05e-13	63.2
k141_30124_94	00220	26.038	265	393	262	4.94e-11	55.5
k141_146406_25	00212	25.532	188	293	285	4.27e-07	43.1
k141_93864_2	00312	33.051	118	200	284	1.11e-06	40.8
k141_241048_1	00220	23.368	291	293	262	4.22e-07	42.7
k141_114428_1	00223	39.200	125	339	348	3.55e-23	91.7
k141_84016_1	00185	40.805	174	162	305	2.88e-29	102
k141_241094_1	00187	28.000	250	259	250	2.16e-12	58.2
k141_272346_2	00187	27.731	238	247	250	1.11e-08	47.0
k141_49317_1	00186	38.158	76	453	388	2.34e-08	48.1
k141_49317_31	00310	80.259	309	303	309	8.96e-173	474
k141_315288_3	00211	28.125	192	363	337	4.19e-09	50.1
k141_304166_1	00212	23.721	215	256	285	6.71e-07	42.0
k141_304169_1	00220	28.440	109	686	262	1.12e-07	46.2
k141_62034_6	00212	27.519	258	404	285	8.69e-17	73.2
k141_49336_4	00173	24.658	219	209	218	7.17e-09	47.0
k141_104481_3	00211	31.655	139	400	337	6.06e-12	58.9
k141_104481_10	00212	23.810	231	308	285	1.40e-07	44.7
k141_167263_2	00205	28.571	98	144	270	9.01e-08	42.7
k141_282925_65	00210	45.455	44	282	296	8.07e-06	38.9
k141_135574_2	00188	25.616	203	657	272	1.28e-06	43.1
k141_125837_2	00212	27.509	269	286	285	9.24e-17	71.6
k141_146553_2	00209	24.814	403	389	448	8.22e-17	74.3
k141_294392_1	00186	30.337	89	128	388	1.54e-06	38.9
k141_104538_1	00188	22.543	173	248	272	2.70e-06	40.0
k141_156858_2	00189	27.143	140	340	248	8.30e-06	39.3
k141_209954_15	00212	22.464	276	313	285	1.46e-08	47.8
k141_283015_5	00212	28.571	98	274	285	3.11e-08	46.2
k141_304387_3	00244	45.714	105	456	451	4.76e-26	102
k141_315438_5	00267	39.759	166	360	398	5.28e-22	89.4
k141_209992_1	00220	36.170	141	406	262	3.95e-12	58.9
k141_72496_8	00182	37.500	96	275	277	2.78e-07	43.5
k141_167377_11	00222	23.010	578	535	516	1.01e-17	78.6
k141_167377_16	00210	31.250	112	121	296	1.44e-08	44.3
k141_49520_6	00219	30.601	183	206	446	1.35e-08	46.6
k141_315446_29	00223	33.577	137	571	348	6.56e-16	72.0
k141_315446_41	00187	23.762	202	275	250	9.85e-08	44.7
k141_272541_1	00218	29.249	253	437	428	2.35e-26	103
k141_94163_1	00223	33.645	107	295	348	3.65e-14	64.7
k141_104681_2	00196	27.273	154	216	401	3.44e-06	39.7
k141_219789_5	00221	33.929	112	302	508	5.34e-11	55.5
k141_104694_3	00204	26.708	161	234	271	7.60e-07	41.6
k141_177947_3	00185	41.905	105	117	305	4.14e-23	84.3
k141_114725_2	00212	29.952	207	286	285	1.40e-10	53.5
k141_114743_2	00212	26.457	223	251	285	9.36e-07	41.6
k141_167536_1	00211	33.480	227	275	337	2.27e-31	112
k141_167546_2	00145	24.107	112	118	366	1.44e-06	38.5
k141_84153_255	00212	32.673	101	303	285	2.16e-06	40.8
k141_178045_1	00111	27.717	184	276	210	2.18e-08	46.2
k141_283255_1	00212	27.753	227	262	285	1.58e-11	55.8
k141_272602_5	00215	24.390	205	1013	322	2.87e-08	49.3
k141_272602_23	00188	30.303	165	454	272	2.81e-13	62.8
k141_41215_3	00211	31.667	120	414	337	5.17e-12	59.3
k141_251099_2	00186	44.776	67	190	388	4.20e-09	47.8
k141_251109_2	00212	24.757	206	290	285	5.50e-09	48.9
k141_41237_8	00220	20.833	264	312	262	4.57e-06	40.0
k141_84281_7	00209	25.874	286	282	448	8.92e-16	69.7
k141_9840_14	00212	24.535	269	274	285	2.01e-10	52.8
k141_231068_1	00187	35.152	165	265	250	9.62e-14	62.0
k141_199370_3	00185	38.174	241	593	305	5.94e-42	146
k141_146902_1	00219	34.483	58	128	446	1.88e-06	38.5
k141_9876_3	00215	25.561	223	383	322	2.12e-09	50.8
k141_272709_12	00188	25.446	224	292	272	1.01e-10	53.9
k141_231129_4	00308	30.108	93	112	437	2.24e-07	40.8
k141_231152_2	00212	23.445	209	265	285	7.65e-09	48.1
k141_272749_4	00186	28.571	287	299	388	2.73e-06	40.8
k141_272767_5	00211	37.190	242	310	337	1.15e-46	154
k141_263563_6	00173	30.093	216	335	218	1.02e-16	71.2
k141_49846_2	00219	27.957	93	286	446	7.16e-08	45.8
k141_49846_4	00178	39.791	191	194	216	4.42e-41	132
k141_157451_1	00223	33.846	195	308	348	2.28e-24	94.4
k141_94450_27	00220	30.348	201	313	262	5.86e-11	54.7
k141_146992_5	00215	25.926	189	289	322	8.48e-07	42.4
k141_231265_1	00211	24.151	265	279	337	2.15e-18	76.6
k141_62647_2	00212	28.283	297	283	285	2.77e-13	61.6
k141_263614_3	00242	31.613	155	275	310	3.17e-07	43.5
k141_315896_29	00209	28.571	140	488	448	1.83e-06	42.7
k141_189020_2	00187	32.520	123	273	250	5.97e-07	42.4
k141_157466_17	00188	27.753	227	283	272	1.00e-12	59.7
k141_136062_32	00181	30.435	276	337	275	8.85e-35	121
k141_231345_1	00221	34.915	295	353	508	2.54e-42	147
k141_147045_9	00180	35.115	131	263	541	1.39e-23	92.4
k141_147045_10	00222	33.684	95	218	516	2.54e-10	52.4
k141_294997_3	00288	48.000	50	187	474	2.58e-06	39.7
k141_283624_5	00211	36.691	278	311	337	4.72e-52	168
k141_263725_4	00220	27.000	200	277	262	5.56e-10	51.6
k141_10199_1	00188	21.538	260	599	272	2.11e-10	54.7
k141_220178_3	00328	25.137	183	296	242	7.05e-06	39.3
k141_231399_4	00188	27.542	236	269	272	1.27e-13	62.0
k141_241716_20	00189	27.542	236	337	248	1.18e-07	44.7
k141_115204_2	00219	29.560	159	435	446	1.35e-09	52.4
k141_115214_1	00219	30.476	105	284	446	2.09e-11	56.6
k141_316015_2	00185	50.732	205	230	305	5.73e-58	179
k141_62779_18	00274	37.931	87	578	410	1.01e-11	59.7
k141_94646_1	00188	26.522	230	252	272	7.93e-08	44.7
k141_10205_6	00212	36.111	72	320	285	1.77e-08	47.4
k141_73137_7	00186	41.333	75	541	388	2.25e-08	48.9
k141_10277_1	00252	47.000	100	215	420	2.22e-24	92.8
k141_168042_1	00185	44.970	169	397	305	2.57e-32	117
k141_273040_2	00187	28.378	222	271	250	2.56e-08	46.2
k141_283748_10	00188	32.407	108	289	272	5.41e-06	39.7
k141_136204_7	00111	30.435	115	218	210	8.58e-15	63.5
k141_168062_2	00221	26.531	98	131	508	1.84e-06	38.5
k141_273048_3	00219	30.500	200	284	446	3.04e-26	100
k141_73195_2	00208	25.325	154	396	273	1.55e-07	45.1
k141_178557_3	00189	40.000	75	251	248	1.00e-05	38.1
k141_147184_1	00186	55.882	34	441	388	4.27e-07	44.3
k141_41618_5	00186	51.724	58	436	388	1.57e-10	55.1
k141_295227_2	00252	33.696	92	158	420	2.11e-10	50.8
k141_178576_3	00186	44.068	59	452	388	1.36e-08	48.9
k141_295243_3	00185	45.116	215	494	305	2.66e-45	154
k141_295243_5	00178	34.335	233	234	216	5.80e-35	117
k141_241919_6	00219	32.692	208	317	446	3.46e-26	100
k141_241919_8	00188	32.500	240	273	272	2.10e-13	61.6
k141_50177_24	00255	30.435	69	244	295	1.22e-06	41.2
k141_220344_7	00212	26.316	114	290	285	9.11e-06	38.9
k141_157669_1	00220	25.969	258	258	262	4.86e-10	51.2
k141_295266_1	00182	32.738	168	187	277	3.29e-24	89.4
k141_241943_2	00185	45.228	241	588	305	8.81e-52	173
k141_241984_3	00211	23.113	212	257	337	2.40e-13	61.6
k141_136340_3	00215	38.776	49	79	322	2.43e-12	53.1
k141_147230_81	00244	40.187	107	823	451	8.22e-18	79.7
k141_115425_4	00186	44.737	38	434	388	6.49e-06	40.4
k141_251624_1	00222	33.333	225	360	516	9.79e-24	95.1
k141_251624_1	00222	41.129	124	360	516	5.46e-23	92.8
k141_242031_50	00212	23.950	238	290	285	1.33e-10	53.5
k141_251643_2	00265	66.102	118	186	435	1.07e-48	157
k141_251643_2	00265	53.165	79	186	435	2.21e-22	86.3
k141_251643_2	00265	54.286	35	186	435	1.40e-07	43.1
k141_115446_1	00186	37.500	72	334	388	4.82e-09	49.7
k141_168271_1	00244	44.828	116	213	451	3.53e-23	89.4
k141_220470_3	00180	41.509	53	115	541	3.77e-10	48.9
k141_231737_1	00186	40.000	50	212	388	4.73e-06	39.3
k141_63018_3	00222	46.129	310	304	516	1.04e-82	252
k141_295440_1	00246	28.571	140	180	312	5.71e-09	47.0
k141_178729_1	00186	40.909	66	397	388	1.59e-06	42.4
k141_231758_4	00209	26.030	461	472	448	2.42e-35	129
k141_147325_2	00187	25.328	229	505	250	2.43e-11	56.6
k141_136400_13	00186	55.263	38	319	388	1.68e-07	44.7
k141_115503_1	00211	37.079	267	286	337	1.61e-48	157
k141_63055_2	00211	33.099	284	321	337	8.33e-39	133
k141_210838_4	00211	31.169	77	220	337	4.09e-07	42.4
k141_157756_1	00215	25.000	188	267	322	2.51e-15	67.4
k141_168355_2	00212	25.379	264	274	285	8.76e-10	50.8
k141_73469_7	00180	53.172	331	341	541	3.73e-119	348
k141_284023_3	00212	35.484	62	77	285	5.28e-07	38.1
k141_200147_2	00215	31.298	131	287	322	1.15e-09	50.8
k141_147387_5	00185	42.667	225	566	305	5.92e-51	171
k141_251699_38	00212	31.111	180	306	285	7.20e-18	75.1
k141_231853_13	00307	24.000	150	274	266	2.13e-06	40.8
k141_73549_1	00186	59.524	42	305	388	1.96e-08	47.8
k141_73561_1	00211	55.414	314	326	337	4.99e-122	347
k141_73571_2	00205	35.135	74	162	270	1.93e-08	45.1
k141_63156_2	00252	33.673	98	366	420	4.98e-06	40.4
k141_242277_4	00220	25.843	178	434	262	1.37e-06	42.4
k141_42000_2	00190	28.814	118	196	219	4.34e-07	41.6
k141_305600_1	00146	32.990	97	463	365	4.71e-06	41.2
k141_50544_10	00182	29.078	141	145	277	8.09e-11	51.2
k141_136602_1	00212	25.000	224	228	285	7.29e-10	50.4
k141_136606_2	00223	31.008	258	273	348	1.83e-26	99.4
k141_63259_3	00211	31.544	149	152	337	1.15e-18	73.9
k141_168533_7	00188	24.057	212	668	272	4.62e-07	44.3
k141_136733_2	00211	29.694	229	354	337	3.24e-17	74.3
k141_242512_4	00262	47.191	89	363	415	1.71e-20	85.1
k141_115768_1	00222	27.018	285	335	516	1.50e-08	48.5
k141_147666_6	00181	23.789	227	308	275	8.12e-14	63.2
k141_284289_6	00188	25.943	212	1122	272	2.83e-11	58.2
k141_189740_4	00220	25.362	276	415	262	3.11e-08	47.0
k141_284352_5	00211	24.460	278	346	337	3.83e-09	50.1
k141_147730_1	00222	29.268	164	174	516	3.75e-08	44.7
k141_305879_1	00204	37.879	66	181	271	3.41e-06	38.9
k141_50874_2	00262	28.926	121	223	415	5.17e-06	39.3
k141_137006_2	00212	30.435	69	74	285	4.33e-06	35.4
k141_220971_1	00180	42.553	94	342	541	8.48e-21	85.9
k141_220971_1	00180	27.619	105	342	541	9.75e-09	48.9
k141_252004_2	00211	38.636	264	266	337	2.14e-57	180
k141_284435_4	00212	26.168	214	253	285	4.46e-07	42.7
k141_116034_5	00212	27.465	284	282	285	1.45e-15	68.2
k141_179258_2	00212	27.132	258	255	285	2.84e-15	66.6
k141_50951_2	00212	29.231	130	290	285	8.77e-11	54.3
k141_158275_3	00192	24.540	163	665	186	1.11e-10	54.3
k141_51010_2	00209	27.692	455	468	448	1.33e-32	122
k141_284596_3	00215	56.667	90	196	322	3.82e-33	114
k141_284619_2	00178	32.743	113	199	216	6.51e-10	49.7
k141_221183_3	00244	36.111	108	362	451	1.24e-16	73.6
k141_284698_1	00210	32.857	70	291	296	6.91e-07	42.4
k141_137193_28	00181	28.148	270	289	275	3.84e-25	94.7
k141_51179_6	00222	33.831	201	271	516	3.57e-22	88.6
k141_273989_56	00244	38.318	107	822	451	3.76e-17	77.4
k141_51221_1	00185	36.585	123	171	305	3.21e-14	62.0
k141_252200_65	00185	47.059	204	494	305	3.92e-48	161
k141_252200_206	00211	29.956	227	336	337	1.11e-26	101
k141_284851_52	00223	40.304	263	442	348	4.25e-50	167
k141_51315_4	00222	28.926	121	147	516	1.64e-08	45.1
k141_252201_152	00209	29.322	457	462	448	4.34e-41	145
k141_274257_6	00173	30.556	216	239	218	1.10e-15	66.6
k141_51390_3	00173	44.724	199	221	218	7.16e-48	150
k141_51684_15	00189	34.783	115	302	248	1.65e-09	50.1
k141_51684_24	00212	23.016	252	271	285	6.68e-07	42.4
k141_51684_51	00186	59.459	37	467	388	7.17e-08	47.0
k141_252767_5	00186	30.994	171	579	388	2.33e-06	42.4
k141_252806_3	00211	30.903	288	311	337	6.04e-29	106
k141_252973_3	00212	30.702	114	292	285	1.42e-06	41.6
k141_52101_5	00212	26.690	281	282	285	5.14e-11	54.7
k141_253151_4	00209	28.942	463	465	448	2.10e-42	149
k141_52168_18	00186	42.553	47	451	388	1.02e-07	46.2
k141_52168_32	00173	29.064	203	218	218	1.40e-15	65.9
k141_52176_6	00146	32.258	62	610	365	2.53e-06	42.4
k141_52390_2	00223	31.481	108	374	348	6.84e-09	49.3
k141_52440_2	00189	34.454	119	422	248	5.18e-10	52.4
k141_52662_3	00212	24.887	221	342	285	6.49e-06	39.7
